Query Model,Query Explore,History Most Recent Query Date,Query Count
datascience,retire_tracker,2023-02-10,3
stashinvest,bank_enrollments,2023-02-10,41
stashinvest,money_movements,2023-02-10,15
datascience,marketing_overlap,2023-02-10,1
stashinvest_realtime,apex_submission_failed_users,2023-02-10,1
stashinvest,user_revenue_by_month,2023-02-10,2
stashinvest,mart_of_days,2023-02-10,360
stashinvest_realtime,apex_branches_total_left_by_branch,2023-02-10,2
stashinvest,user_campaign_attribution,2023-02-10,35
stashinvest,true_app_installs,2023-02-10,2
,,2023-02-10,0
pii_ops_realtime,start_of_days,2023-02-10,104
stashinvest,transactions,2023-02-10,42
stashinvest_realtime,transactions,2023-02-10,36
pii_ops_realtime,pii_users,2023-02-10,259
stashinvest,attribution_touches,2023-02-10,541
stashinvest,cat_meno_activity,2023-02-10,4
stashinvest_fraud,pvgrpt_alerts,2023-02-10,4
stashinvest,subscriber_roll_forward,2023-02-10,11
pii_ops_realtime,auto_active_admin_comments,2023-02-10,4
stashinvest,stock_rewards,2023-02-10,21
stashinvest,apex_margin_calls,2023-02-10,24
stashinvest_fraud,ato_2,2023-02-10,2
stashinvest,braze_marketing_performance,2023-02-10,9
stashinvest,apex_cash_daily_balances,2023-02-10,52
stashinvest_fraud,active_admin_comments,2023-02-10,169
stashinvest,payback_expected_contribution_platform,2023-02-10,3
stashinvest_fraud,login_activities,2023-02-10,57
stashinvest,stash_avaya_fonolo_reports,2023-02-10,4
stashinvest,paid_performance,2023-02-10,76
stashinvest,start_of_days_all,2023-02-10,35
datascience,spend_model,2023-02-10,1
stashinvest_fraud,invest_fraud_monitor_incoming,2023-02-10,1
stashinvest,social_performance,2023-02-10,40
stashinvest,acats_transfer_fees,2023-02-10,1
stashinvest_realtime,cards,2023-02-10,16
stashinvest,bank_monthly_spend_users,2023-02-10,74
datascience,retargeting_campaign,2023-02-10,1
stashinvest,sec_lending_accounts_not_enrolled,2023-02-10,2
pii_ops_stashinvest,users_with_email_delivery_failures,2023-02-10,4
stashinvest_realtime,auto_stash_executions,2023-02-10,4
system__activity,scheduled_plan,2023-02-10,8
stashinvest,cusip_compare,2023-02-10,6
stashinvest,data_mart,2023-02-10,"9,531"
pii_ops_stashinvest,pii_users,2023-02-10,886
stashinvest_realtime,apex_submission_failed_accounts,2023-02-10,7
stashinvest,user_platform_tier_upgrade_downgrade,2023-02-10,10
stashinvest,aws_cost_usage_billing_hourly,2023-02-10,44
stashinvest,corporate_action_activity_all_time,2023-02-10,1
stashinvest,marketing_campaign,2023-02-10,371
datascience,invest_tracker,2023-02-10,2
stashinvest_fraud,current_month_liability,2023-02-10,1
stashinvest,mandatory_reorg_notification_apex_eod_file,2023-02-10,1
datascience,bank_tracker,2023-02-10,2
pii_ops_realtime,transfers,2023-02-10,356
stashinvest_realtime,accounts,2023-02-10,14
stashinvest_realtime,users,2023-02-10,43
stashinvest,core,2023-02-10,"2,139"
stashinvest,promotion_referral_payouts,2023-02-10,92
stashinvest,trades,2023-02-10,17
stashinvest,automated_withdrawals,2023-02-10,20
stashinvest_realtime,trading_windows,2023-02-10,1
stashinvest,comments,2023-02-10,5
stashinvest,price_data,2023-02-10,7
pii_ops_realtime,investments,2023-02-10,386
stashinvest,targets,2023-02-10,28
stashinvest,appsflyer_skadnetwork,2023-02-10,12
stashinvest_realtime,start_of_days,2023-02-10,3
stashinvest,apex_securities_lending_accrual_raw_file,2023-02-10,67
stashinvest_realtime,pending_auto_close_processes,2023-02-10,2
stashinvest,google_play_ratings,2023-02-10,4
pii_ops_realtime,account_completion_approval_flow,2023-02-10,1
stashinvest_fraud,new_false_positives,2023-02-10,11
stashinvest,stock_party_parties,2023-02-10,3
stashinvest_fraud,ato_1,2023-02-10,2
stashinvest,google_analytics,2023-02-10,7
stashinvest,payback_user_expected_contribution,2023-02-10,6
stashinvest_fraud,ach_pulls_fraud_monitor,2023-02-10,1
stashinvest,bank_transactions,2023-02-10,35
stashinvest,payback_expected_contribution_new_subs_leading,2023-02-10,26
stashinvest,start_of_days_over_time,2023-02-10,14
stashinvest_realtime,fraud_bank_change_quovo_converts,2023-02-10,1
stashinvest,pager_duty_incidents,2023-02-10,46
stashinvest,start_of_days,2023-02-10,8
stashinvest,account_state_transitions,2023-02-10,36
stashinvest,bank_returned_transfers_over_time,2023-02-10,2
stashinvest,new_margin_sod_apex_2,2023-02-10,5
stashinvest,smaug_logs,2023-02-10,2
stashinvest,zendesk_tickets,2023-02-10,"1,465"
stashinvest,bank_initiated_transfers,2023-02-10,13
stashinvest,data_validation_report,2023-02-10,33
stashinvest_fraud,finv_bank_daily,2023-02-10,104
system__activity,pdt_event_log,2023-02-10,3
stashinvest,crypto_agreement_events,2023-02-10,269
stashinvest,mixpanel_data,2023-02-10,19
stashinvest,revenue_actuals,2023-02-10,46
pii_ops_stashinvest,fraud_bank_initiated_transfers_report,2023-02-10,4
stashinvest,user_deposits,2023-02-10,8
system__activity,history,2023-02-10,46
stashinvest,corporate_actions_look_up_vs_cards_rl_1,2023-02-10,1
stashinvest,margin_sod_apex,2023-02-10,11
stashinvest,referral_service,2023-02-10,33
stashinvest_realtime,account_state_transitions,2023-02-10,2
stashinvest,users,2023-02-10,"6,521"
stashinvest,avaya_calls,2023-02-10,10
stashinvest,late_green_dot_ach_transactions,2023-02-10,3
pii_ops_realtime,transactions,2023-02-10,470
stashinvest,transfers,2023-02-10,175
stashinvest,cat_meor_activity,2023-02-10,6
stashinvest,identity_transitions,2023-02-10,54
stashinvest,position_errors,2023-02-10,17
stashinvest,appsflyer,2023-02-10,19
stashinvest,cards,2023-02-10,29
stashinvest_fraud,nudata_users,2023-02-10,112
stashinvest_realtime,on_loan_securities,2023-02-10,14
stashinvest,apex_end_of_day_activity_all,2023-02-10,52
stashinvest,braze_flow,2023-02-10,25
stashinvest,payback_realtime,2023-02-10,7
stashinvest_fraud,accepted_transfers,2023-02-10,51
stashinvest,bank_start_of_days_over_time,2023-02-10,8
stashinvest,fraud_bank_change,2023-02-10,26
stashinvest_fraud,invest_fraud_monitor_outgoing,2023-02-10,1
stashinvest,accounts,2023-02-10,228
stashinvest_finance,profit_and_loss,2023-02-10,54
stashinvest,bank_monthly_users,2023-02-10,24
stashinvest_fraud,finv_invest_daily,2023-02-09,40
stashinvest,wisdom_test_results,2023-02-09,32
stashinvest,customer_journey_cx_tickets,2023-02-09,9
stashinvest,bank_accounts,2023-02-09,26
stashinvest,returned_checks,2023-02-09,8
stashinvest,avaya_stash_metadata_reconciliation,2023-02-09,2
system__activity,event_attribute,2023-02-09,1
stashinvest_realtime,accounts_stuck_while_trying_to_reactivate,2023-02-09,1
stashinvest,avaya_audio_call_detail,2023-02-09,196
system__activity,compliance_user_permissions,2023-02-09,5
stashinvest,l1_tables_failing_dq_validation,2023-02-09,3
stashinvest,braze_events,2023-02-09,34
stashinvest,data_inventory_results,2023-02-09,9
stashinvest,fees,2023-02-09,34
stashinvest,monthly_bank_depositing_users,2023-02-09,9
stashinvest_fraud,finv_bank_daily_users,2023-02-09,21
stashinvest,retail_banking_instant_deposits,2023-02-09,1
stashinvest,avaya_stash_audio_reconciliation,2023-02-09,1
system__activity,dashboard,2023-02-09,5
stashinvest,auto_stash_execution_request,2023-02-09,3
stashinvest,l1_tables_failing_count_validation,2023-02-09,5
stashinvest_fraud,pii_users,2023-02-09,369
stashinvest,apex_escheatment_entries,2023-02-09,1
stashinvest_fraud,finv_invest_daily_users,2023-02-09,11
stashinvest_realtime,branch_codes,2023-02-09,2
system__activity,user,2023-02-09,3
stashinvest,customer_journey_user_segments,2023-02-09,14
stashinvest,monthly_active_external_bank_links,2023-02-09,14
stashinvest,bank_bill_pay,2023-02-09,6
stashinvest,aws_cost_usage_billing_daily,2023-02-09,23
stashinvest,core_ach_transactions,2023-02-09,4
stashinvest_realtime,transfers,2023-02-09,5
stashinvest_fraud,socure_bios_reason_codes,2023-02-09,81
stashinvest_fraud,alloy_rules_responses,2023-02-09,9
stashinvest,gateway_fraud,2023-02-09,184
pii_ops_realtime,accounts,2023-02-09,70
stashinvest,investments,2023-02-08,75
stashinvest,b_notice_activity,2023-02-08,12
stashinvest_realtime,fraud_bank_change_small_account_rule_analysis,2023-02-08,9
stashinvest_fraud,lock_events,2023-02-08,17
stashinvest,apex_accounts_with_restriction_codes,2023-02-08,26
stashinvest_realtime,fraud_bank_change_large_account_rule_analysis,2023-02-08,1
stashinvest_fraud,aa_locks_and_unlocks,2023-02-08,76
stashinvest,zendesk_users,2023-02-08,1
stashinvest,mixpanel_same_day_conversion_rate,2023-02-08,6
stashinvest,referral_attribution,2023-02-08,25
stashinvest,cx_tickets_linked_events,2023-02-08,74
stashinvest,apex_b_notice,2023-02-08,11
stashinvest_realtime,auto_stashes,2023-02-08,8
pii_ops_stashinvest,auto_stash_executions,2023-02-08,3
stashinvest,auto_stash_executions,2023-02-08,5
pii_ops_realtime,auto_stashes,2023-02-08,4
stashinvest,apex_owners_file_ext1026,2023-02-08,18
stashinvest_realtime,fraud_bank_change_what_if,2023-02-08,3
stashinvest,cx_tickets_detail,2023-02-08,322
stashinvest,apex_account_master_apex_full,2023-02-08,29
stashinvest_realtime,fraud_bank_change_lift,2023-02-08,1
stashinvest,cx_customer_detailed,2023-02-08,140
t__stash_data_lake_prod__source_galactus__debit_card_swipe_transaction,table,2023-02-08,1
stashinvest,referral_braze_attribution,2023-02-07,2
pii_ops_stashinvest,accounts,2023-02-07,33
stashinvest_realtime,stock_rewards,2023-02-07,5
stashinvest,payback_v2,2023-02-07,2
datascience,marketing_campaign,2023-02-07,20
stashinvest_fraud,core_deposits_and_returns_fraud,2023-02-07,4
stashinvest_fraud,two_fa_events,2023-02-07,20
stashinvest,stride_transition_bank_revenue,2023-02-07,24
stashinvest,contribution_assumptions,2023-02-07,1
stashinvest,kyc,2023-02-07,9
stashinvest,payback,2023-02-07,1
stashinvest_fraud,lock_events_and_fraud_reasons_v2,2023-02-07,14
pii_ops_stashinvest,referrals,2023-02-06,9
stashinvest_fraud,users_bank_last_balances,2023-02-06,6
stashinvest,promotions,2023-02-06,62
pii_ops_realtime,bank_accounts,2023-02-06,2
stashinvest,bank_direct_deposit_stats,2023-02-06,5
stashinvest_realtime,apex_branches_current_live_counts,2023-02-06,1
pii_ops_realtime,restricted_names_report,2023-02-06,4
stashinvest,instant_withdrawals,2023-02-06,10
stashinvest_fraud,checking_transactions,2023-02-06,2
pii_ops_realtime,auto_stashes_by_date_stats,2023-02-06,1
stashinvest_fraud,lock_events_fraud_reasons,2023-02-06,14
stashinvest_fraud,invest_monthly_liability,2023-02-06,9
stashinvest_fraud,dndbw_core_users,2023-02-06,5
stashinvest_realtime,apex_branches_total_live_branches,2023-02-06,1
stashinvest_fraud,current_month_daily_bank_liability_users,2023-02-06,1
stashinvest_fraud,core_bank_enrollments_by_state_fraud,2023-02-06,2
stashinvest,referrals,2023-02-06,10
stashinvest_fraud,users_fraud,2023-02-06,5
stashinvest,auth_trans_report,2023-02-06,4
pii_ops_realtime,branch_codes,2023-02-06,3
stashinvest_fraud,bank_accounts_fraud,2023-02-06,35
stashinvest_fraud,mix_panel_events_fraud,2023-02-06,16
stashinvest_fraud,bank_monthly_liability,2023-02-05,7
stashinvest_realtime,securities_lending_accounts,2023-02-05,5
system__activity,pdt_builds,2023-02-03,1
stashinvest,consolidated_monthly_tie_out,2023-02-03,70
system__activity,look,2023-02-03,2
system__activity,content_usage,2023-02-03,5
pii_ops_stashinvest,comments,2023-02-02,33
stashinvest,acats_external_brokers_only,2023-02-02,10
stashinvest_fraud,bank_transactions_gd_core,2023-02-02,3
stashinvest_realtime,banking_fees,2023-02-01,32
stashinvest,apex_trade_details_ext903,2023-02-01,29
stashinvest_realtime,trades,2023-02-01,3
stashinvest,start_of_days_end_of_month,2023-02-01,1
stashinvest,core_debit_card_swipe,2023-01-31,11
stashinvest_fraud,socure_feedback,2023-01-31,6
pii_ops_stashinvest,transactions,2023-01-31,6
stashinvest_fraud,dndbw,2023-01-30,3
datascience,braze_tracker,2023-01-30,5
stashinvest,google_play_retained_installers,2023-01-30,1
stashinvest,google_play_acquisition,2023-01-30,3
stashinvest,transfer_ledger,2023-01-30,9
stashinvest,google_play_crashes,2023-01-30,1
system__activity,support_access_event,2023-01-27,2
stashinvest,securities_lending_accounts,2023-01-26,6
stashinvest,promotion_redemptions,2023-01-25,19
stashinvest_fraud,checking_transfer_initiated_first_transfer_fraud,2023-01-24,12
stashinvest,card_query_attempts,2023-01-24,7
stashinvest,bucket_metrics,2023-01-24,2
stashinvest,bucket_aggregation,2023-01-24,1
t__stash_data_lake_prod__source_segment__kotlin_android_mapped_screen,table,2023-01-23,2
stashinvest,state_population,2023-01-23,3
t__stash_data_lake_prod__source_segment__kotlin_android_name_map,table,2023-01-23,1
stashinvest_fraud,evt_transfers_fraud,2023-01-20,11
t__stash_data_lake_prod__gateway__duplicate_social_security_number_events,table,2023-01-20,1
stashinvest_fraud,bank_liability_core_gd,2023-01-19,11
pii_ops_stashinvest,user_comments,2023-01-18,15
stashinvest,plaid_categories,2023-01-17,18
stashinvest,stock_rewards_by_user_by_month,2023-01-17,2
gateway_fraud,plastic_transactions,2023-01-13,4
stashinvest,new_margin_sod_apex,2023-01-12,5
datascience,kpi_master,2023-01-12,7
stashinvest,mandrill_activity,2023-01-12,2
stashinvest_fraud,document_requests,2023-01-12,5
datascience,accounts_breakdown,2023-01-12,3
datascience,zendesk_tickets,2023-01-12,1
stashinvest,socure,2023-01-12,12
stashinvest,user_revenue_end_of_month,2023-01-11,2
stashinvest,cx_audio_transcripts,2023-01-10,29
stashinvest_finance,revenue_actuals,2023-01-10,2
stashinvest,smart_saves,2023-01-08,1
stashinvest,core_bank_enrollments_by_state,2023-01-08,16
stashinvest,data_platform_incidents,2023-01-06,1
i__looker,scheduled_plan,2023-01-06,2
i__looker,field_usage,2023-01-06,1
i__looker,look,2023-01-06,1
i__looker,history,2023-01-06,6
stashinvest,validation_view,2023-01-03,5
stashinvest_realtime,delivery_failures,2023-01-03,2
t__stash_data_lake_prod__source_pg_disputes__service_user,table,2023-01-03,1
stashinvest,future_dividends,2022-12-22,5
stashinvest,delorean_results,2022-12-21,1
stashinvest,count_differences,2022-12-21,2
stashinvest,dividend_dates,2022-12-21,2
stashinvest_realtime,money_movements,2022-12-20,1
stashinvest,security_lending_interest_payments,2022-12-20,4
stashinvest_realtime,cash_interest_payments,2022-12-20,7
pii_ops_stashinvest,fees,2022-12-19,49
stashinvest,ratings,2022-12-19,3
stashinvest,cx_tickets,2022-12-19,15
stashinvest,reviews,2022-12-19,3
stashinvest,plaid_users,2022-12-16,1
stashinvest,cx_master_contacts,2022-12-15,3
stashinvest,subscriptions,2022-12-14,2
stashinvest,escheatment_forwardlooking_5years,2022-12-13,1
stashinvest,funnel_depth,2022-12-10,34
stashinvest_fraud,core_users_updated_accounts_fraud,2022-12-09,21
stashinvest_realtime,positions_real_time_by_ticker,2022-12-09,2
datascience,reviews_data,2022-12-08,34
stashinvest,plastic_transactions,2022-12-07,5
stashinvest,debit_card_transfers,2022-12-07,2
pii_ops_realtime,purchase_with_deposits,2022-12-07,2
stashinvest_realtime,investments,2022-12-02,3
stashinvest_fraud,transactions,2022-12-02,1
stashinvest,braze_lead_generation,2022-12-01,1
stashinvest,tatari_linear_performance,2022-11-30,5
stashinvest,ext_spending,2022-11-30,3
datascience,multitouch_attribution,2022-11-30,6
datascience,leading_data,2022-11-30,1
datascience,incremental_model_results,2022-11-30,22
stashinvest,tatari_streaming_performance,2022-11-30,5
stashinvest_fraud,nudata,2022-11-29,5
stashinvest,escheatment_forwardlooking_3years,2022-11-29,1
stashinvest,users_by_date_stats,2022-11-28,6
stashinvest,core_account_creation,2022-11-17,7
stashinvest_fraud,socure_bios_v2_v3_scores,2022-11-17,1
stashinvest,omni_transfers,2022-11-17,1
stashinvest,autostash_events,2022-11-16,1
stashinvest,bank_start_of_days,2022-11-11,5
stashinvest,nucleus_demo,2022-11-11,4
