﻿,count,distinct,example
batch_id,16922064,1,1.62376E+12
liquid_net_worth_range,3112,1,
dividend_reinvestment,16922064,2,DO_NOT_REINVEST
investment_experience,14890802,2,NONE
tax_withholding_percent,14889712,2,
is_affiliated_exchange_or_finra,11239960,2,NO
is_control_person,11239960,2,NO
is_politically_exposed,11239960,2,NO
paying_student_loans,1091900,2,
liquidity_needs,14890802,3,NOT_IMPORTANT
risk_tolerance,14548463,3,HIGH
children_under_18,6709723,3,
marital_status,6408293,3,
own_a_home,6406142,3,
federal_tax_bracket_percent,14890801,4,28
annual_income_range,14740925,4,50K_TO_100K
investing_experience,10786061,4,
investment_objective,14890802,5,MAXIMUM_GROWTH
total_net_worth_range,14489946,5,5K_TO_25K
filing_status,9042321,5,
employment_status,14561150,6,EMPLOYED
have_a_retirement_account,10728202,6,
time_horizon,14488471,7,LONGEST
household_income_bracket,9227192,30,
immediate_family,21426,17257,
company_symbols,30440,19105,
firm_name,4681065,20364,
political_organization,4675597,20878,
position_employed,14890802,892295,Refused to answer
employer,14890802,2985011,Refused to answer
updated_at,16922064,16922060,23:12.1
created_at,16922064,16922062,21:02.6
user_id,16922062,16922062,134
id,16922064,16922064,146