model_name,explore_name,view_name
datascience,spend_model,spend_model
datascience,review_topic_model,review_topic_model
datascience,leading_data,leading_data
datascience,retargeting_campaign,retargeting_campaign
datascience,marketing_overlap,marketing_overlap
datascience,incremental_model_results,incremental_model_results
datascience,incremental_model_results,incremental_model_vif_values
datascience,incremental_model_results,incremental_model_spend_tracking
datascience,multitouch_attribution,multitouch_attribution
datascience,kpi_master,datascience_user_timestamps
datascience,kpi_master,kpi_master
datascience,kpi_master,braze_data_weekly_sessions
datascience,kpi_master,funded_breakdown
datascience,kpi_master,bank_accounts
datascience,kpi_master,kpi_master_cross_sell
datascience,kpi_master,users
datascience,braze_tracker,braze_tracker_additional
datascience,braze_tracker,braze_tracker
datascience,reviews_data,reviews_data
datascience,invest_tracker,invest_tracker
datascience,retire_tracker,retire_tracker
datascience,bank_tracker,bank_tracker
stashinvest,nucleus_demo,nucleus_demo
stashinvest,data_mart,stock_back_users
stashinvest,data_mart,datascience_user_timestamps
stashinvest,data_mart,monthly_depositing_users
stashinvest,data_mart,balances
stashinvest,data_mart,top_vendors
stashinvest,data_mart,promotion_referral_payouts
stashinvest,data_mart,marketing
stashinvest,data_mart,user_pmt_linked
stashinvest,data_mart,identities
stashinvest,data_mart,bank_user_stats
stashinvest,data_mart,derived_transactions
stashinvest,data_mart,bank_NSF_logic_decision
stashinvest,data_mart,users
stashinvest,data_mart,mart_subscriptions
stashinvest,data_mart,marketing_campaign
stashinvest,data_mart,invest_monthly_liability
stashinvest,data_mart,user_revenue_month_cohort
stashinvest,data_mart,messaging_events
stashinvest,data_mart,subscriber_campaign_attribution
stashinvest,data_mart,mart_invest
stashinvest,data_mart,mart_onboarding_funding_experience_stats
stashinvest,data_mart,mart_subscription_fees
stashinvest,data_mart,bank_link_errors
stashinvest,data_mart,mart_accounts
stashinvest,data_mart,wisdom_test_membership
stashinvest,data_mart,payback_expected_contribution_new_subs_leading
stashinvest,data_mart,transfer_events
stashinvest,data_mart,mart_bank_spend_events
stashinvest,data_mart,promotion
stashinvest,data_mart,mart_external_payment_links
stashinvest,data_mart,mart_transfers
stashinvest,data_mart,bank_liabilities
stashinvest,data_mart,bank_card_tracking_items
stashinvest,data_mart,bank_monthly_liability
stashinvest,data_mart,user_campaign_attribution
stashinvest,data_mart,subscriber_roll_forward
stashinvest,data_mart,user_revenue_by_date
stashinvest,data_mart,surveys
stashinvest,data_mart,clickstream_events
stashinvest,data_mart,bank_card_tracking_events
stashinvest,data_mart,zendesk_tickets
stashinvest,data_mart,mart_login_events
stashinvest,data_mart,money_movement_automation
stashinvest,data_mart,access
stashinvest,data_mart,messaging
stashinvest,data_mart,data_mart
stashinvest,data_mart,tier_selection_events
stashinvest,data_mart,mart_invest_transactions
stashinvest,data_mart,tabapay_transfer
stashinvest,data_mart,bank_enrollments
stashinvest,data_mart,ml_predictions_mart
stashinvest,mart_of_days,customer_journey
stashinvest,mart_of_days,mart_of_days
stashinvest,core,instant_pay_transaction
stashinvest,core,dispute_transaction
stashinvest,core,ecash_transaction
stashinvest,core,card_pin_set
stashinvest,core,card_deactivated
stashinvest,core,debit_card_swipe_transaction
stashinvest,core,gateway_usr_personal_info
stashinvest,core,digital_wallet_token_status_updated
stashinvest,core,card_reissued
stashinvest,core,bank_account_items
stashinvest,core,bill_pay_transaction
stashinvest,core,user_bank_disputes
stashinvest,core,card_locked
stashinvest,core,adjustment_transaction
stashinvest,core,card_activated
stashinvest,core,core
stashinvest,core,charge_off_transaction
stashinvest,core,account_created
stashinvest,core,mart_subscriptions
stashinvest,core,check_transaction
stashinvest,core,card_mail_tracking_updated
stashinvest,core,mart_accounts
stashinvest,core,digital_wallet_token_created
stashinvest,core,p2p_transaction
stashinvest,core,bank_card_tracking_items
stashinvest,core,mrdc_transaction
stashinvest,core,card_created
stashinvest,core,account_updated
stashinvest,core,atm_transaction
stashinvest,core,bank_transaction_items
stashinvest,core,pii_users
stashinvest,core,itm_bank_mrdc
stashinvest,core,ach_transaction
stashinvest,core,omni_transaction
stashinvest,core,fee_transaction
stashinvest,customer_journey_cx_tickets,customer_journey_cx_tickets
stashinvest,customer_journey_user_segments,customer_journey_user_segments
stashinvest,social_performance,social_performance
stashinvest,attribution_touches,mart_users
stashinvest,attribution_touches,mart_transfers
stashinvest,attribution_touches,attribution_touches
stashinvest,attribution_touches,access
stashinvest,attribution_touches,mart_subscriptions
stashinvest,attribution_touches,marketing_campaign
stashinvest,attribution_touches,user_campaign_attribution
stashinvest,attribution_touches,top_vendors
stashinvest,attribution_touches,user_pmt_linked
stashinvest,attribution_touches,mart_invest
stashinvest,attribution_touches,usr_attribution_touches
stashinvest,identity_transitions,account_verification_flow
stashinvest,identity_transitions,apex_atlas_requests
stashinvest,identity_transitions,cip_instant
stashinvest,identity_transitions,lock_events_fraud_reasons
stashinvest,identity_transitions,lock_events
stashinvest,identity_transitions,apex_sketch_investigations
stashinvest,identity_transitions,idv_cip_program
stashinvest,identity_transitions,bank_user_stats
stashinvest,identity_transitions,account_state_transitions
stashinvest,identity_transitions,mixpanel_data
stashinvest,identity_transitions,identity_transitions
stashinvest,identity_transitions,access
stashinvest,identity_transitions,apex_sketch_investigations_enriched
stashinvest,identity_transitions,socure_bios
stashinvest,identity_transitions,socure_idv_flow
stashinvest,identity_transitions,user_profiles
stashinvest,identity_transitions,first_socure_v3
stashinvest,identity_transitions,accounts
stashinvest,identity_transitions,document_requests
stashinvest,identity_transitions,user_revenue_month_cohort
stashinvest,identity_transitions,first_user_state_transition
stashinvest,identity_transitions,idv_eligibility
stashinvest,identity_transitions,uploaded_documents
stashinvest,identity_transitions,bank_accounts
stashinvest,payback,payback
stashinvest,payback,attribution_and_ltv
stashinvest,payback_v2,payback_v2
stashinvest,payback_v2,attribution_and_ltv_v2
stashinvest,users,transfer_ledger
stashinvest,users,apex_sentinel_relationship_polls
stashinvest,users,plaid_identities
stashinvest,users,bank_recurring_transfer_initiated
stashinvest,users,unrealized_investments
stashinvest,users,sigma2
stashinvest,users,model_scores
stashinvest,users,user_pmt_linked
stashinvest,users,identities
stashinvest,users,bank_user_stats
stashinvest,users,default_stockback
stashinvest,users,tabapay_transaction_errors
stashinvest,users,omni_transfers
stashinvest,users,document_requests
stashinvest,users,mixpanel_viewed_investment_card
stashinvest,users,duplicate_users
stashinvest,users,u21_users
stashinvest,users,banking_fees
stashinvest,users,paying_subscriber_churn_cohort
stashinvest,users,coach_close_account_feedback
stashinvest,users,universal_transfer_stats_derived
stashinvest,users,subscription_users
stashinvest,users,email_verifications
stashinvest,users,transfers
stashinvest,users,promotion_redemptions
stashinvest,users,integrated_subscription_fees
stashinvest,users,active_admin_comments
stashinvest,users,plastic_swipes
stashinvest,users,sms_opted_in
stashinvest,users,bank_intentionality_models
stashinvest,users,android_drawers_test_entries
stashinvest,users,chestnut_subscriptions
stashinvest,users,user_revenue_any_last_month
stashinvest,users,tabapay_subscription_fees_all
stashinvest,users,castle_black_auth_three_eyed_raven
stashinvest,users,completed_cfsi_check_ins
stashinvest,users,integrated_subscriptions
stashinvest,users,mixpanel_viewed_post_purchase_set_schedule
stashinvest,users,datascience_user_timestamps
stashinvest,users,personal_brokerage_stats
stashinvest,users,subscription_chargeable
stashinvest,users,auto_stash_execution_stats_user_level
stashinvest,users,exr_institution
stashinvest,users,braze_flow
stashinvest,users,three_eyed_raven_login
stashinvest,users,fraud_signals
stashinvest,users,mixpanel_data
stashinvest,users,cards
stashinvest,users,portfolio_score
stashinvest,users,cts_record_nsf_decision
stashinvest,users,apex_sketch_investigations_enriched
stashinvest,users,stash_avaya_call_feed
stashinvest,users,accounts
stashinvest,users,bounty_hunter_campaign_opt_outs
stashinvest,users,quovo_transactions
stashinvest,users,stakeholders
stashinvest,users,platform_start_of_days
stashinvest,users,friends_of_stash
stashinvest,users,apex_atlas_requests
stashinvest,users,mandrill_activity
stashinvest,users,stock_back_trials
stashinvest,users,investment_search
stashinvest,users,bank_transactions
stashinvest,users,bestow_policy_purchased
stashinvest,users,idv_cip_program
stashinvest,users,set_schedule_recurring_transfers
stashinvest,users,referral_service_new
stashinvest,users,bestow_landing_page_viewed
stashinvest,users,bestow_commissions
stashinvest,users,idv_eligibility
stashinvest,users,zendesk_calls
stashinvest,users,bank_linker_link_initiated
stashinvest,users,investor_applications
stashinvest,users,dma_codes
stashinvest,users,user_platform_tier_subscriptions
stashinvest,users,promotion_referral_payouts
stashinvest,users,mixpanel_first_bank_link
stashinvest,users,verification_service_auth_three_eyed_raven
stashinvest,users,subscription_charge_attempts
stashinvest,users,model_holdouts
stashinvest,users,bank_linker_link_status_changed
stashinvest,users,mart_subscriptions
stashinvest,users,invest_monthly_liability
stashinvest,users,subscriber_campaign_attribution
stashinvest,users,mixpanel_purchase_flow
stashinvest,users,auto_stash_execution_stats
stashinvest,users,appsflyer_installs
stashinvest,users,platform_start_of_days_end_of_month
stashinvest,users,mart_accounts
stashinvest,users,stockback_roundups_users
stashinvest,users,mixpanel_viewed_balance
stashinvest,users,cip_indeterminate
stashinvest,users,auto_stash_allocation_stats
stashinvest,users,users_first_investment_purchase
stashinvest,users,apex_sketch_investigations
stashinvest,users,platform_start_of_days_daily_change
stashinvest,users,start_of_days_end_of_month_personal_brokerage
stashinvest,users,retention_offer_actions
stashinvest,users,subscription_prices
stashinvest,users,bank_card_activation
stashinvest,users,user_mcc_stats
stashinvest,users,account_verification_flow
stashinvest,users,auto_stash_mainframe
stashinvest,users,cip_instant
stashinvest,users,unhealthy_state_transitions
stashinvest,users,retention_offers
stashinvest,users,user_revenue_ever
stashinvest,users,sprig_surveys
stashinvest,users,fees
stashinvest,users,platform_switching
stashinvest,users,universal_transfer_stats
stashinvest,users,bank_spending_budget_updated
stashinvest,users,portfolio_stats
stashinvest,users,root_account_created
stashinvest,users,mixpanel_autoinvest_confirm
stashinvest,users,bank_purchase_stats
stashinvest,users,first_socure_v3
stashinvest,users,user_platform_tier_subscription_charge_attempts
stashinvest,users,subscription_discount_types
stashinvest,users,start_of_days_all
stashinvest,users,auto_close_processes
stashinvest,users,plaid_transactions
stashinvest,users,qualified_founders
stashinvest,users,user_platform_tiers_stats
stashinvest,users,payback_expected_contribution_new_subs_leading
stashinvest,users,bookmarks
stashinvest,users,mixpanel_viewed_day_zero
stashinvest,users,cip_reject
stashinvest,users,bank_linker_user_stats
stashinvest,users,appsflyer_payloads_usher
stashinvest,users,utm_attributions
stashinvest,users,braze_stock_party_attribution
stashinvest,users,card_query_attempts
stashinvest,users,invest_matrix
stashinvest,users,zendesk_tickets
stashinvest,users,retention_segments_fraud
stashinvest,users,derived_universal_transfer
stashinvest,users,user_profiles
stashinvest,users,bank_checking_card_requested
stashinvest,users,active_admin_actions
stashinvest,users,bank_recurring_transfer_events
stashinvest,users,root_test_drive_completed
stashinvest,users,subscription_content_fees
stashinvest,users,auto_stash_strategy_states
stashinvest,users,bank_ewallets
stashinvest,users,plaid_linker_link
stashinvest,users,qualtrics_survey_flattened_response
stashinvest,users,free_trials
stashinvest,users,ato_idt_locks
stashinvest,users,payback_ob2_segments
stashinvest,users,socure_v3_requests
stashinvest,users,socure_v3
stashinvest,users,appsflyer_event_table
stashinvest,users,platform_funded_within
stashinvest,users,subscription_fee_events
stashinvest,users,root_profile_created
stashinvest,users,set_schedule_from_rover
stashinvest,users,user_platform_tiers
stashinvest,users,exr_external_account
stashinvest,users,investment_lots
stashinvest,users,lock_events
stashinvest,users,mixpanel_money_movement
stashinvest,users,mixpanel_home
stashinvest,users,subscription_payment_sources
stashinvest,users,user_revenue_by_date
stashinvest,users,duplicate_user_aggregate
stashinvest,users,datascience_historic_portfolios_end_of_month
stashinvest,users,security_lending_enrollment_events
stashinvest,users,user_revenue_this_month
stashinvest,users,socure_idv_flow
stashinvest,users,mixpanel_viewed_portfolio
stashinvest,users,exr_external_account_status
stashinvest,users,uploaded_documents
stashinvest,users,account_state_transitions
stashinvest,users,onboarding_two_test
stashinvest,users,braze_last_rescue_message
stashinvest,users,bank_accounts
stashinvest,users,start_of_days_first_forty_five
stashinvest,users,installs
stashinvest,users,transfer_stats
stashinvest,users,stock_party
stashinvest,users,bank_card_tracking
stashinvest,users,phone_number_verifications
stashinvest,users,mixpanel_sessions
stashinvest,users,datascience_historic_user_portfolios
stashinvest,users,start_of_days_over_time
stashinvest,users,generate_series
stashinvest,users,platform_start_of_days_over_time
stashinvest,users,first_tabapay_account
stashinvest,users,derived_transactions
stashinvest,users,socure_bios
stashinvest,users,marketing_campaign
stashinvest,users,braze_attribution_create
stashinvest,users,subscription_invoices
stashinvest,users,tabapay_chargebacks
stashinvest,users,completed_cfsi_attributes_latest
stashinvest,users,tabapay_card_queries
stashinvest,users,wisdom_test_membership
stashinvest,users,plaid_balances
stashinvest,users,active_with_equity_incremental
stashinvest,users,bounty_hunter_user_campaign_test_memberships
stashinvest,users,liability_model_transitions
stashinvest,users,apex_sentinel_transfers
stashinvest,users,two_month_transactions_stats
stashinvest,users,user_campaign_attribution
stashinvest,users,auth_v2_test_entries
stashinvest,users,auto_stash_events
stashinvest,users,red_keep_identity_three_eyed_raven
stashinvest,users,nsf_model_opt_out
stashinvest,users,subscription_user_free_trials
stashinvest,users,user_revenue_end_of_month
stashinvest,users,user_platform_tier_subscription_invoices
stashinvest,users,tabapay_plastic_transaction
stashinvest,users,canceled_transfers
stashinvest,users,access
stashinvest,users,marketing_campaign_day_zero_contribution
stashinvest,users,alloy_evaluation_resp
stashinvest,users,first_transfer_stats
stashinvest,users,monolith_identity_three_eyed_raven
stashinvest,users,bank_latest_ledger_amount
stashinvest,users,first_month_transactions_stats
stashinvest,users,top_vendors
stashinvest,users,subscription_refunds
stashinvest,users,quovo_accounts
stashinvest,users,guidance_wbyh
stashinvest,users,zendesk_ticket_tags
stashinvest,users,bank_account_updates
stashinvest,users,sprig_selected_responses
stashinvest,users,bank_accounts_transfer
stashinvest,users,unit21_transfer_review
stashinvest,users,auto_stash_executions
stashinvest,users,mixpanel_referral_sent
stashinvest,users,bank_start_of_days_monthly_stats
stashinvest,users,retention_offer_redemptions
stashinvest,users,dividends
stashinvest,users,bank_monthly_liability
stashinvest,users,subscription_subscriptions
stashinvest,users,user_platform_tier_upgrade_downgrade
stashinvest,users,two_factor
stashinvest,users,debit_card_transfers
stashinvest,users,subscription_invoice_items
stashinvest,users,first_transfer
stashinvest,users,subscription_actions
stashinvest,users,user_level_spend
stashinvest,users,fraud_checks
stashinvest,users,three_ts_seven_days
stashinvest,users,bank_enrollments
stashinvest,users,transactions
stashinvest,users,auto_stashes
stashinvest,users,three_eyed_raven_user_create
stashinvest,users,minors
stashinvest,users,stock_back_users
stashinvest,users,transaction_stats
stashinvest,users,fraud_personas
stashinvest,users,sprig_responses
stashinvest,users,tabapay_subscription_fees
stashinvest,users,attribution_payloads
stashinvest,users,derived_funding_sources
stashinvest,users,start_of_days_end_of_month
stashinvest,users,users
stashinvest,users,braze_leadgen_attribution
stashinvest,users,user_revenue_month_cohort
stashinvest,users,braze_events
stashinvest,users,first_funnel_depth
stashinvest,users,login_activities
stashinvest,users,subscription_discounts
stashinvest,users,smart_portfolio_users
stashinvest,users,bestow_contact_info_submitted
stashinvest,users,mart_external_payment_links
stashinvest,users,guidance_questions
stashinvest,users,subscriber_roll_forward
stashinvest,users,delivery_failures
stashinvest,users,promotion_at_create
stashinvest,users,user_portfolio_stats
stashinvest,users,greendot_mapping
stashinvest,users,subscription_content_esign
stashinvest,users,plaid_linker_link_status
stashinvest,users,subscriptions
stashinvest,users,universal_transfers
stashinvest,users,investment_account_settings
stashinvest,users,start_of_days
stashinvest,users,subscription_plans
stashinvest,users,duplicates
stashinvest,users,tabapay_accounts
stashinvest,users,bank_idv_attempted
stashinvest,users,payback_user_expected_contribution
stashinvest,users,mcgruff_scores
stashinvest,users,users_first_invest_transfer
stashinvest,users,subscription_revenue_monthly_difference
stashinvest,users,tabapay_transfer
stashinvest,users,payback_user_campaign
stashinvest,users,funding_sources
stashinvest,users,bestow_app_completed
stashinvest,apex_cash_daily_balances,price_data
stashinvest,apex_cash_daily_balances,apex_cash_daily_balances
stashinvest,autostash_events,autostash_events
stashinvest,subscriber_roll_forward,mart_subscriptions
stashinvest,subscriber_roll_forward,subscriber_roll_forward
stashinvest,subscriber_roll_forward,user_revenue_month_cohort
stashinvest,subscriber_roll_forward,user_pmt_linked
stashinvest,subscriber_roll_forward,users
stashinvest,state_population,state_population
stashinvest,avaya_calls,avaya_calls
stashinvest,card_query_attempts,card_query_attempts
stashinvest,cusip_compare,cusip_compare
stashinvest,true_app_installs,true_app_installs
stashinvest,instant_withdrawals,instant_withdrawals
stashinvest,instant_withdrawals,wisdom_test_membership
stashinvest,smaug_logs,smaug_logs
stashinvest,mandrill_activity,mandrill_activity
stashinvest,mixpanel_same_day_conversion_rate,mixpanel_same_day_conversion_rate
stashinvest,mixpanel_same_day_conversion_rate,wisdom_test_membership
stashinvest,mixpanel_same_day_conversion_rate,users
stashinvest,zendesk_users,zendesk_users
stashinvest,braze_flow,braze_events
stashinvest,braze_flow,login_activities
stashinvest,braze_flow,datascience_user_timestamps
stashinvest,braze_flow,payback_expected_contribution_new_subs_leading
stashinvest,braze_flow,braze_attribution_esign
stashinvest,braze_flow,user_campaign_attribution
stashinvest,braze_flow,payback_user_campaign
stashinvest,braze_flow,two_factor
stashinvest,braze_flow,braze_flow
stashinvest,braze_flow,user_pmt_linked
stashinvest,braze_flow,user_revenue_by_date
stashinvest,braze_flow,mixpanel_native_app_sessions
stashinvest,braze_flow,subscriptions
stashinvest,braze_flow,user_profiles
stashinvest,braze_flow,users
stashinvest,braze_flow,accounts
stashinvest,braze_flow,braze_attribution_redemption
stashinvest,braze_flow,braze_attribution_create
stashinvest,braze_flow,braze_attribution_link
stashinvest,braze_flow,user_revenue_month_cohort
stashinvest,braze_flow,canvas
stashinvest,braze_flow,subscriber_campaign_attribution
stashinvest,transfer_ledger,transfer_ledger
stashinvest,auto_stash_execution_request,bank_accounts
stashinvest,auto_stash_execution_request,accounts
stashinvest,auto_stash_execution_request,auto_stash_execution_request
stashinvest,auto_stash_execution_request,users
stashinvest,start_of_days_all,start_of_days_all
stashinvest,start_of_days_all,accounts
stashinvest,start_of_days_all,bank_accounts
stashinvest,start_of_days_all,users
stashinvest,apex_escheatment_entries,apex_escheatment_entries
stashinvest,paid_performance,paid_performance
stashinvest,bank_enrollments,bank_monthly_deposit_users
stashinvest,bank_enrollments,bank_monthly_spend_users
stashinvest,bank_enrollments,bank_monthly_users
stashinvest,bank_enrollments,derived_transactions
stashinvest,bank_enrollments,users
stashinvest,bank_enrollments,bank_monthly_dd_users
stashinvest,bank_enrollments,tabapay_transfer
stashinvest,bank_enrollments,bank_enrollments
stashinvest,bank_enrollments,bank_monthly_rt_users
stashinvest,bank_enrollments,set_schedule_recurring_transfers
stashinvest,bank_enrollments,bank_user_stats
stashinvest,bank_monthly_spend_users,bank_monthly_spend_users
stashinvest,bank_monthly_spend_users,mart_accounts
stashinvest,bank_monthly_users,bank_monthly_dd_users
stashinvest,bank_monthly_users,bank_monthly_spend_users
stashinvest,bank_monthly_users,bank_monthly_users
stashinvest,apex_account_master_apex_full,apex_account_master_apex_full
stashinvest,apex_margin_calls,accounts
stashinvest,apex_margin_calls,start_of_days
stashinvest,apex_margin_calls,transfers
stashinvest,apex_margin_calls,apex_margin_calls
stashinvest,apex_margin_calls,bank_accounts
stashinvest,apex_margin_calls,socure_bios_v2_v3_scores
stashinvest,apex_margin_calls,users
stashinvest,apex_securities_lending_accrual_raw_file,apex_securities_lending_accrual_raw_file
stashinvest,cancel_rates,cancel_rates
stashinvest,apex_accounts_with_restriction_codes,apex_accounts_with_restriction_codes
stashinvest,apex_accounts_with_restriction_codes,accounts
stashinvest,apex_accounts_with_restriction_codes,bank_accounts
stashinvest,apex_accounts_with_restriction_codes,mart_users
stashinvest,cancel_rates_micros,cancel_rates_micros
stashinvest,cat_meor_activity,cat_meor_activity
stashinvest,google_play_crashes,google_play_crashes
stashinvest,google_play_ratings,google_play_ratings
stashinvest,cat_meno_activity,cat_meno_activity
stashinvest,referral_service,payback_expected_contribution_new_subs_leading
stashinvest,referral_service,zendesk_tickets
stashinvest,referral_service,marketing_campaign_day_zero_contribution
stashinvest,referral_service,payback_user_expected_contribution
stashinvest,referral_service,users
stashinvest,referral_service,bank_enrollments
stashinvest,referral_service,marketing_campaign
stashinvest,referral_service,user_campaign_attribution
stashinvest,referral_service,top_vendors
stashinvest,referral_service,promotion_referral_payouts
stashinvest,referral_service,user_revenue_month_cohort
stashinvest,referral_service,user_pmt_linked
stashinvest,referral_service,referral_service
stashinvest,referral_service,bank_user_stats
stashinvest,appsflyer,payback_expected_contribution_new_subs_leading
stashinvest,appsflyer,appsflyer_payloads_usher
stashinvest,appsflyer,payback_user_expected_contribution
stashinvest,appsflyer,appsflyer_event_table
stashinvest,appsflyer,users
stashinvest,appsflyer,mart_subscriptions
stashinvest,appsflyer,marketing_campaign
stashinvest,appsflyer,appsflyer
stashinvest,appsflyer,user_campaign_attribution
stashinvest,appsflyer,top_vendors
stashinvest,appsflyer,user_revenue_month_cohort
stashinvest,appsflyer,appsflyer_fraud
stashinvest,appsflyer,user_pmt_linked
stashinvest,appsflyer_skadnetwork,appsflyer_skadnetwork
stashinvest,payback_realtime,payback_realtime
stashinvest,mandatory_reorg_notification_apex_eod_file,mandatory_reorg_notification_apex_eod_file
stashinvest,mixpanel_data,mixpanel_data
stashinvest,mixpanel_data,users
stashinvest,payback_user_expected_contribution,marketing_campaign
stashinvest,payback_user_expected_contribution,user_campaign_attribution
stashinvest,payback_user_expected_contribution,payback_expected_contribution_new_subs_leading
stashinvest,payback_user_expected_contribution,user_revenue_month_cohort
stashinvest,payback_user_expected_contribution,payback_user_expected_contribution
stashinvest,payback_user_expected_contribution,user_pmt_linked
stashinvest,payback_user_expected_contribution,users
stashinvest,user_campaign_attribution,login_activities
stashinvest,user_campaign_attribution,payback_expected_contribution_new_subs_leading
stashinvest,user_campaign_attribution,user_campaign_attribution
stashinvest,user_campaign_attribution,top_vendors
stashinvest,user_campaign_attribution,promotion_referral_payouts
stashinvest,user_campaign_attribution,user_pmt_linked
stashinvest,user_campaign_attribution,bank_user_stats
stashinvest,user_campaign_attribution,marketing_campaign_day_zero_contribution
stashinvest,user_campaign_attribution,payback_user_expected_contribution
stashinvest,user_campaign_attribution,user_level_spend
stashinvest,user_campaign_attribution,derived_transactions
stashinvest,user_campaign_attribution,users
stashinvest,user_campaign_attribution,bank_enrollments
stashinvest,user_campaign_attribution,marketing_campaign
stashinvest,user_campaign_attribution,tabapay_transfer
stashinvest,user_campaign_attribution,user_revenue_month_cohort
stashinvest,contribution_assumptions,contribution_assumptions
stashinvest,user_revenue_by_month,user_revenue_by_month
stashinvest,user_revenue_by_month,datascience_user_timestamps
stashinvest,user_revenue_by_month,mixpanel_viewed_balance
stashinvest,user_revenue_by_month,users
stashinvest,user_revenue_by_month,accounts
stashinvest,user_revenue_by_month,user_revenue_month_cohort
stashinvest,user_revenue_by_month,fees
stashinvest,user_revenue_by_month,bank_accounts
stashinvest,start_of_days_over_time,start_of_days_over_time
stashinvest,start_of_days_over_time,accounts
stashinvest,start_of_days_over_time,model_holdouts
stashinvest,start_of_days_over_time,apex_atlas_requests
stashinvest,start_of_days_over_time,bank_accounts
stashinvest,start_of_days_over_time,users
stashinvest,margin_sod_apex,margin_sod_apex
stashinvest,new_margin_sod_apex_2,new_margin_sod_apex_2
stashinvest,acats_external_brokers_only,acats_external_brokers_only
stashinvest,corporate_action_activity_all_time,corporate_action_activity_all_time
stashinvest,corporate_actions_look_up_vs_cards_rl_1,corporate_actions_look_up_vs_cards_rl_1
stashinvest,apex_end_of_day_activity_all,apex_end_of_day_activity_all
stashinvest,sec_lending_accounts_not_enrolled,sec_lending_accounts_not_enrolled
stashinvest,price_data,price_data
stashinvest,braze_marketing_performance,braze_marketing_performance
stashinvest,user_deposits,bank_enrollments
stashinvest,user_deposits,users
stashinvest,user_deposits,bank_accounts
stashinvest,user_deposits,user_deposits
stashinvest,user_deposits,clo_user_stats
stashinvest,braze_events,braze_events
stashinvest,braze_events,users
stashinvest,braze_events,bank_enrollments
stashinvest,targets,targets
stashinvest,stock_party_parties,stock_party_parties
stashinvest,omni_transfers,omni_transfers
stashinvest,retail_banking_instant_deposits,retail_banking_instant_deposits
stashinvest,payback_expected_contribution_new_subs_leading,marketing_campaign
stashinvest,payback_expected_contribution_new_subs_leading,top_vendors
stashinvest,payback_expected_contribution_new_subs_leading,user_campaign_attribution
stashinvest,payback_expected_contribution_new_subs_leading,payback_expected_contribution_new_subs_leading
stashinvest,payback_expected_contribution_new_subs_leading,users
stashinvest,plaid_transactions,plaid_outgoing_by_month
stashinvest,plaid_transactions,first_invest_transaction_in_ticker
stashinvest,plaid_transactions,users
stashinvest,plaid_transactions,plaid_transactions
stashinvest,accounts,stock_back_users
stashinvest,accounts,monthly_active_smart_users
stashinvest,accounts,monthly_investing_users
stashinvest,accounts,transaction_stats
stashinvest,accounts,transfer_stats
stashinvest,accounts,monthly_depositing_users
stashinvest,accounts,time_weighted_returns_end_of_month_managed_accounts
stashinvest,accounts,user_pmt_linked
stashinvest,accounts,bank_user_stats
stashinvest,accounts,active_risk_levels
stashinvest,accounts,portfolio_stats
stashinvest,accounts,dividend_reinvestment_enrollment_events
stashinvest,accounts,monthly_autostashing_users
stashinvest,accounts,derived_transactions
stashinvest,accounts,monthly_sale_roll_forward
stashinvest,accounts,users
stashinvest,accounts,mart_subscriptions
stashinvest,accounts,accounts
stashinvest,accounts,monthly_active_invest_users
stashinvest,accounts,document_requests
stashinvest,accounts,bank_accounts_transfer
stashinvest,accounts,auto_stash_execution_stats
stashinvest,accounts,account_risk_levels
stashinvest,accounts,time_weighted_returns
stashinvest,accounts,bank_accounts
stashinvest,accounts,transfers
stashinvest,accounts,smart_portfolio_users
stashinvest,accounts,apex_sentinel_transfers
stashinvest,accounts,auto_stash_allocation_stats
stashinvest,accounts,start_of_day_stats
stashinvest,accounts,user_profiles
stashinvest,accounts,tabapay_transfer
stashinvest,accounts,bank_enrollments
stashinvest,accounts,account_state_transitions
stashinvest,accounts,minors
stashinvest,comments,accounts
stashinvest,comments,admin_users
stashinvest,comments,mart_users
stashinvest,comments,comments
stashinvest,comments,bank_accounts
stashinvest,subscriptions,subscriptions
stashinvest,subscriptions,accounts
stashinvest,subscriptions,portfolio_stats
stashinvest,subscriptions,bank_accounts
stashinvest,subscriptions,users
stashinvest,socure,accounts
stashinvest,socure,socure
stashinvest,socure,user_profiles
stashinvest,socure,bank_accounts
stashinvest,socure,users
stashinvest,kyc,kyc
stashinvest,kyc,idology_bios
stashinvest,kyc,apex_atlas_requests
stashinvest,kyc,investor_applications
stashinvest,kyc,account_verifications
stashinvest,kyc,socure_bios
stashinvest,kyc,user_profiles
stashinvest,kyc,users
stashinvest,kyc,accounts
stashinvest,kyc,critical_alert_responses
stashinvest,kyc,document_requests
stashinvest,kyc,failed_auto_approvals
stashinvest,kyc,apex_sketch_investigations
stashinvest,kyc,bank_accounts
stashinvest,transfers,transaction_stats
stashinvest,transfers,transfers
stashinvest,transfers,investor_applications
stashinvest,transfers,transfer_stats
stashinvest,transfers,apex_sentinel_transfers
stashinvest,transfers,fees
stashinvest,transfers,user_pmt_linked
stashinvest,transfers,plaid_users
stashinvest,transfers,bank_user_stats
stashinvest,transfers,canceled_transfers
stashinvest,transfers,cards
stashinvest,transfers,comments
stashinvest,transfers,derived_transactions
stashinvest,transfers,user_profiles
stashinvest,transfers,users
stashinvest,transfers,transactions
stashinvest,transfers,accounts
stashinvest,transfers,bank_enrollments
stashinvest,transfers,bank_accounts_transfer
stashinvest,transfers,user_revenue_month_cohort
stashinvest,transfers,tabapay_transfer
stashinvest,transfers,bank_accounts
stashinvest,transactions,transaction_stats
stashinvest,transactions,bank_accounts
stashinvest,transactions,cards
stashinvest,transactions,investor_applications
stashinvest,transactions,derived_transactions
stashinvest,transactions,user_profiles
stashinvest,transactions,bank_enrollments
stashinvest,transactions,users
stashinvest,transactions,accounts
stashinvest,transactions,active_admin_comments_transactions
stashinvest,transactions,user_revenue_month_cohort
stashinvest,transactions,transactions
stashinvest,transactions,mixpanel_viewed_portfolio_by_date
stashinvest,transactions,trades
stashinvest,investments,investments
stashinvest,investments,smart_monitoring
stashinvest,investments,investor_applications
stashinvest,investments,investment_lots
stashinvest,investments,user_profiles
stashinvest,investments,users
stashinvest,investments,accounts
stashinvest,investments,bank_accounts
stashinvest,investments,qualified_founders
stashinvest,stock_rewards,stock_back_users
stashinvest,stock_rewards,user_platform_tiers
stashinvest,stock_rewards,transaction_stats
stashinvest,stock_rewards,stockback_bonuses
stashinvest,stock_rewards,stock_back_trials
stashinvest,stock_rewards,user_platform_tier_subscriptions
stashinvest,stock_rewards,fees
stashinvest,stock_rewards,cards
stashinvest,stock_rewards,stock_rewards
stashinvest,stock_rewards,derived_transactions
stashinvest,stock_rewards,stockton_stock_reward
stashinvest,stock_rewards,users
stashinvest,stock_rewards,transactions
stashinvest,stock_rewards,accounts
stashinvest,stock_rewards,user_revenue_month_cohort
stashinvest,stock_rewards,bank_enrollments
stashinvest,stock_rewards,bank_accounts
stashinvest,promotion_redemptions,stock_back_users
stashinvest,promotion_redemptions,transaction_stats
stashinvest,promotion_redemptions,investor_applications
stashinvest,promotion_redemptions,transfer_stats
stashinvest,promotion_redemptions,auto_stash_allocation_stats
stashinvest,promotion_redemptions,promotion_redemptions
stashinvest,promotion_redemptions,fees
stashinvest,promotion_redemptions,user_pmt_linked
stashinvest,promotion_redemptions,start_of_days
stashinvest,promotion_redemptions,cards
stashinvest,promotion_redemptions,comments
stashinvest,promotion_redemptions,derived_transactions
stashinvest,promotion_redemptions,user_profiles
stashinvest,promotion_redemptions,users
stashinvest,promotion_redemptions,transactions
stashinvest,promotion_redemptions,accounts
stashinvest,promotion_redemptions,active_admin_actions
stashinvest,promotion_redemptions,smart_save_stats
stashinvest,promotion_redemptions,bank_enrollments
stashinvest,promotion_redemptions,user_revenue_month_cohort
stashinvest,promotion_redemptions,bank_accounts
stashinvest,promotion_redemptions,auto_stash_execution_stats
stashinvest,promotion_referral_payouts,promotion_referral_payouts
stashinvest,fees,stock_back_users
stashinvest,fees,transaction_stats
stashinvest,fees,datascience_user_timestamps
stashinvest,fees,transfer_stats
stashinvest,fees,active_admin_comments_transfers
stashinvest,fees,smart_saves
stashinvest,fees,fees
stashinvest,fees,user_pmt_linked
stashinvest,fees,applied_subscription_discounts
stashinvest,fees,bank_user_stats
stashinvest,fees,derived_transactions
stashinvest,fees,users
stashinvest,fees,bank_enrollments
stashinvest,fees,user_platform_tier_subscription_charge_attempts
stashinvest,fees,accounts
stashinvest,fees,bank_accounts_transfer
stashinvest,fees,user_revenue_month_cohort
stashinvest,fees,subscription_discount_types
stashinvest,fees,user_platform_tiers
stashinvest,fees,subscription_discounts
stashinvest,fees,payback_expected_contribution_new_subs_leading
stashinvest,fees,bank_accounts
stashinvest,fees,transfers
stashinvest,fees,apex_sentinel_transfers
stashinvest,fees,plaid_users
stashinvest,fees,user_revenue_by_date
stashinvest,fees,subscriptions
stashinvest,fees,user_platform_tier_subscription_invoices
stashinvest,fees,canceled_transfers
stashinvest,fees,start_of_day_stats
stashinvest,fees,tabapay_transfer
stashinvest,fees,user_platform_tier_subscriptions
stashinvest,fees,funding_sources
stashinvest,fees,money_movements
stashinvest,fees,account_state_transitions
stashinvest,start_of_days,security_identifiers
stashinvest,start_of_days,investment_groups
stashinvest,start_of_days,security_classifications
stashinvest,start_of_days,start_of_days
stashinvest,start_of_days,bank_accounts
stashinvest,start_of_days,investor_applications
stashinvest,start_of_days,transfer_stats
stashinvest,start_of_days,unrealized_investments
stashinvest,start_of_days,investment_lots
stashinvest,start_of_days,user_profiles
stashinvest,start_of_days,cards
stashinvest,start_of_days,users
stashinvest,start_of_days,accounts
stashinvest,start_of_days,auto_stashes
stashinvest,start_of_days,user_pmt_linked
stashinvest,auto_stash_executions,transaction_stats
stashinvest,auto_stash_executions,transfers
stashinvest,auto_stash_executions,transfer_stats
stashinvest,auto_stash_executions,apex_sentinel_transfers
stashinvest,auto_stash_executions,user_pmt_linked
stashinvest,auto_stash_executions,bank_user_stats
stashinvest,auto_stash_executions,cards
stashinvest,auto_stash_executions,derived_transactions
stashinvest,auto_stash_executions,user_profiles
stashinvest,auto_stash_executions,users
stashinvest,auto_stash_executions,bank_enrollments
stashinvest,auto_stash_executions,accounts
stashinvest,auto_stash_executions,user_revenue_month_cohort
stashinvest,auto_stash_executions,tabapay_transfer
stashinvest,auto_stash_executions,transactions
stashinvest,auto_stash_executions,bank_accounts_transfer
stashinvest,auto_stash_executions,auto_stash_executions
stashinvest,auto_stash_executions,auto_stashes
stashinvest,auto_stash_executions,bank_accounts
stashinvest,bank_accounts,accounts
stashinvest,bank_accounts,portfolio_stats
stashinvest,bank_accounts,auto_stash_mainframe
stashinvest,bank_accounts,connections
stashinvest,bank_accounts,bank_accounts
stashinvest,bank_accounts,users
stashinvest,plaid_users,bank_accounts
stashinvest,plaid_users,accounts
stashinvest,plaid_users,plaid_users
stashinvest,plaid_users,users
stashinvest,cards,cards
stashinvest,cards,card_companies
stashinvest,email_verifications,accounts
stashinvest,email_verifications,email_verifications
stashinvest,email_verifications,investment_lots
stashinvest,email_verifications,unrealized_investments
stashinvest,email_verifications,bank_accounts
stashinvest,email_verifications,cards
stashinvest,email_verifications,users
stashinvest,account_state_transitions,bank_accounts
stashinvest,account_state_transitions,accounts
stashinvest,account_state_transitions,account_state_transitions
stashinvest,account_state_transitions,users
stashinvest,security_lending_interest_payments,bank_accounts
stashinvest,security_lending_interest_payments,accounts
stashinvest,security_lending_interest_payments,security_lending_interest_payments
stashinvest,security_lending_interest_payments,users
stashinvest,securities_lending_accounts,securities_lending_accounts
stashinvest,securities_lending_accounts,portfolio_stats
stashinvest,securities_lending_accounts,security_lending_enrollment_events
stashinvest,securities_lending_accounts,investor_applications
stashinvest,securities_lending_accounts,users
stashinvest,securities_lending_accounts,security_lending_agreements
stashinvest,securities_lending_accounts,accounts
stashinvest,securities_lending_accounts,security_lending_interest_payments
stashinvest,securities_lending_accounts,bank_accounts
stashinvest,debit_card_transfers,debit_card_transfer_stats
stashinvest,debit_card_transfers,user_profiles
stashinvest,debit_card_transfers,users
stashinvest,debit_card_transfers,accounts
stashinvest,debit_card_transfers,funding_sources
stashinvest,debit_card_transfers,money_movements
stashinvest,debit_card_transfers,debit_card_transfers
stashinvest,debit_card_transfers,bank_accounts
stashinvest,fraud_bank_change,accounts
stashinvest,fraud_bank_change,users
stashinvest,fraud_bank_change,bank_accounts
stashinvest,fraud_bank_change,fraud_bank_change
stashinvest,accounts_indeterminate_reasons,accounts_indeterminate_reasons
stashinvest,google_analytics,google_analytics
stashinvest,zendesk_tickets,zendesk_users
stashinvest,zendesk_tickets,zendesk_tickets
stashinvest,zendesk_tickets,zendesk_ticket_tags
stashinvest,zendesk_tickets,investor_applications
stashinvest,zendesk_tickets,users
stashinvest,zendesk_tickets,stash_avaya_call_feed
stashinvest,zendesk_tickets,zendesk_groups
stashinvest,zendesk_tickets,bank_enrollments
stashinvest,zendesk_tickets,avaya_calls
stashinvest,zendesk_tickets,bank_accounts
stashinvest,zendesk_tickets,bank_user_stats
stashinvest,model_monitoring,model_monitoring
stashinvest,users_by_date_stats,mixpanel_data
stashinvest,users_by_date_stats,derived_transactions
stashinvest,users_by_date_stats,users
stashinvest,users_by_date_stats,bank_enrollments
stashinvest,users_by_date_stats,users_by_date_stats
stashinvest,users_by_date_stats,tabapay_transfer
stashinvest,users_by_date_stats,user_revenue_month_cohort
stashinvest,users_by_date_stats,bank_accounts
stashinvest,users_by_date_stats,bank_user_stats
stashinvest,position_errors,accounts
stashinvest,position_errors,restricted_accounts
stashinvest,position_errors,users
stashinvest,position_errors,bank_accounts
stashinvest,position_errors,position_errors
stashinvest,promotions,bounty_investments
stashinvest,promotions,bounty_promotion_triggers
stashinvest,promotions,bounty_sharing_codes
stashinvest,promotions,promotions
stashinvest,promotions,bounty_offer_cash_matches
stashinvest,promotions,bounty_promotion_offer_redemptions
stashinvest,promotions,bounty_promotion_eligibilities
stashinvest,promotions,bounty_offer_subscription_discounts
stashinvest,promotions,bounty_triggers
stashinvest,promotions,bounty_promotion_trigger_attributes
stashinvest,promotions,bounty_offer_waive_subscriptions
stashinvest,promotions,bounty_promotion_categories
stashinvest,promotions,bounty_offer_cash
stashinvest,promotions,bounty_offer_stock_rewards
stashinvest,promotions,bounty_promotion_offers
stashinvest,wisdom_test_results,wisdom_test_results
stashinvest,model_registry,feature_importances
stashinvest,model_registry,model_registry
stashinvest,user_platform_tier_upgrade_downgrade,derived_transactions
stashinvest,user_platform_tier_upgrade_downgrade,users
stashinvest,user_platform_tier_upgrade_downgrade,accounts
stashinvest,user_platform_tier_upgrade_downgrade,user_pmt_linked
stashinvest,user_platform_tier_upgrade_downgrade,user_platform_tier_upgrade_downgrade
stashinvest,user_platform_tier_upgrade_downgrade,tabapay_transfer
stashinvest,user_platform_tier_upgrade_downgrade,bank_accounts
stashinvest,user_platform_tier_upgrade_downgrade,bank_user_stats
stashinvest,referral_attribution,referral_service_new
stashinvest,referral_attribution,payback_expected_contribution_new_subs_leading
stashinvest,referral_attribution,user_revenue_month_cohort
stashinvest,referral_attribution,payback_user_expected_contribution
stashinvest,referral_attribution,referral_attribution
stashinvest,referral_attribution,user_pmt_linked
stashinvest,referral_attribution,users
stashinvest,referral_braze_attribution,referral_service_new
stashinvest,referral_braze_attribution,payback_expected_contribution_new_subs_leading
stashinvest,referral_braze_attribution,access
stashinvest,referral_braze_attribution,payback_user_expected_contribution
stashinvest,referral_braze_attribution,referral_braze_attribution
stashinvest,referral_braze_attribution,users
stashinvest,referral_braze_attribution,user_revenue_month_cohort
stashinvest,referral_braze_attribution,referral_attribution
stashinvest,referral_braze_attribution,user_pmt_linked
stashinvest,marketing_campaign,marketing_accounting_match
stashinvest,marketing_campaign,marketing_campaign
stashinvest,marketing_campaign,top_vendors
stashinvest,marketing_campaign,user_campaign_attribution
stashinvest,marketing_campaign,payback_expected_contribution_new_subs_leading
stashinvest,marketing_campaign,users
stashinvest,referrals,user_platform_tiers
stashinvest,referrals,referral_service_recipient_reward_redemptions
stashinvest,referrals,datascience_user_timestamps
stashinvest,referrals,referral_service_referral_links
stashinvest,referrals,investor_applications
stashinvest,referrals,referral_service_campaign_variants
stashinvest,referrals,referral_service_variants
stashinvest,referrals,referral_service_invest_cash_rewards
stashinvest,referrals,referral_service_variant_triggers
stashinvest,referrals,referral_service_sender_reward_redemptions
stashinvest,referrals,referral_service_campaigns_latest
stashinvest,referrals,referral_service_recipient_variant_trigger_rewards
stashinvest,referrals,referral_service_sender_variant_trigger_rewards
stashinvest,referrals,referral_service_campaigns
stashinvest,referrals,referral_service_triggers
stashinvest,referrals,user_profiles
stashinvest,referrals,referral_service_sender_campaign_variants
stashinvest,referrals,users
stashinvest,referrals,referrals
stashinvest,referrals,referral_service_solicitor_agreements
stashinvest,referrals,mixpanel_referral_sent
stashinvest,money_movements,bounty_promotions
stashinvest,money_movements,consolidated_cash_activity_ext869
stashinvest,money_movements,datascience_user_timestamps
stashinvest,money_movements,payback_expected_contribution_new_subs_leading
stashinvest,money_movements,bank_accounts
stashinvest,money_movements,subscription_chargeable
stashinvest,money_movements,monolith_subscription_charge_attempts
stashinvest,money_movements,monolith_bounty_promotion_redemptions
stashinvest,money_movements,user_platform_tier_subscriptions
stashinvest,money_movements,fees
stashinvest,money_movements,user_pmt_linked
stashinvest,money_movements,subscription_charge_attempts
stashinvest,money_movements,subscriptions
stashinvest,money_movements,bounty_promotion_offer_redemptions
stashinvest,money_movements,payback_user_expected_contribution
stashinvest,money_movements,stock_rewards
stashinvest,money_movements,users
stashinvest,money_movements,bounty_promotion_categories
stashinvest,money_movements,user_revenue_month_cohort
stashinvest,money_movements,subscription_invoices
stashinvest,money_movements,money_movements
stashinvest,money_movements,referral_redemptions
stashinvest,money_movements,bounty_promotion_offers
stashinvest,consolidated_monthly_tie_out,consolidated_monthly_tie_out
stashinvest,trades,cards
stashinvest,trades,price_data
stashinvest,trades,trades
stashinvest,start_of_days_end_of_month,bank_accounts
stashinvest,start_of_days_end_of_month,accounts
stashinvest,start_of_days_end_of_month,start_of_days_end_of_month
stashinvest,start_of_days_end_of_month,users
stashinvest,user_revenue_end_of_month,user_revenue_end_of_month
stashinvest,user_revenue_end_of_month,datascience_user_timestamps
stashinvest,user_revenue_end_of_month,start_of_days_end_of_month
stashinvest,user_revenue_end_of_month,bank_start_of_days_monthly_stats
stashinvest,user_revenue_end_of_month,derived_transactions
stashinvest,user_revenue_end_of_month,users
stashinvest,user_revenue_end_of_month,user_revenue_month_cohort
stashinvest,user_revenue_end_of_month,tabapay_transfer
stashinvest,user_revenue_end_of_month,bank_enrollments
stashinvest,user_revenue_end_of_month,bank_user_stats
stashinvest,avaya_audio_call_detail,avaya_audio_call_detail
stashinvest,avaya_stash_audio_reconciliation,avaya_stash_audio_reconciliation
stashinvest,avaya_stash_metadata_reconciliation,avaya_stash_metadata_reconciliation
stashinvest,late_green_dot_ach_transactions,late_green_dot_ach_transactions
stashinvest,acats_transfer_fees,acats_transfer_fees
stashinvest,b_notice_activity,b_notice_activity
stashinvest,future_dividends,future_dividends
stashinvest,stash_avaya_fonolo_reports,stash_avaya_fonolo_reports
stashinvest,crypto_agreement_events,order_fulfillments
stashinvest,crypto_agreement_events,order_cancellations
stashinvest,crypto_agreement_events,unrealized_investment_lots
stashinvest,crypto_agreement_events,security_prices
stashinvest,crypto_agreement_events,monthly_crypto_users
stashinvest,crypto_agreement_events,invest_rails_crypto_unrealized_investments
stashinvest,crypto_agreement_events,crypto_enrollment_events
stashinvest,crypto_agreement_events,crypto_accounts
stashinvest,crypto_agreement_events,order_statuses
stashinvest,crypto_agreement_events,crypto_transfers
stashinvest,crypto_agreement_events,order_logs
stashinvest,crypto_agreement_events,securities
stashinvest,crypto_agreement_events,users
stashinvest,crypto_agreement_events,accounts
stashinvest,crypto_agreement_events,crypto_agreement_events
stashinvest,crypto_agreement_events,order_failures
stashinvest,crypto_agreement_events,crypto_prices
stashinvest,crypto_agreement_events,transfer_logs
stashinvest,crypto_agreement_events,realized_investment_lots
stashinvest,crypto_agreement_events,bank_accounts
stashinvest,crypto_agreement_events,orders
stashinvest,pager_duty_incidents,pager_duty_incidents
stashinvest,apex_b_notice,apex_b_notice
stashinvest,stock_rewards_by_user_by_month,stock_rewards_by_user_by_month
stashinvest,core_bank_enrollments_by_state,core_bank_enrollments_by_state
stashinvest,data_engineer_incidents,data_engineer_incidents
stashinvest,bucket_aggregation,bucket_aggregation
stashinvest,bucket_metrics,bucket_metrics
stashinvest,apex_owners_file_ext1026,apex_owners_file_ext1026
stashinvest,cx_master_contacts,cx_master_contacts
stashinvest,escheatment_forwardlooking_3years,escheatment_forwardlooking_3years
stashinvest,escheatment_forwardlooking_5years,escheatment_forwardlooking_5years
stashinvest,core_ach_transactions,core_ach_transactions
stashinvest,core_debit_card_swipe,core_debit_card_swipe
stashinvest,core_account_creation,core_account_creation
stashinvest,monthly_bank_depositing_users,mart_accounts
stashinvest,monthly_bank_depositing_users,monthly_bank_depositing_users
stashinvest,monthly_active_external_bank_links,monthly_active_external_plastic_links
stashinvest,monthly_active_external_bank_links,monthly_active_external_bank_links
stashinvest,monthly_active_external_bank_links,mart_accounts
stashinvest,plaid_categories,plaid_categories
stashinvest,posted_trans_report,posted_trans_report
stashinvest,apex_trade_details_ext903,apex_trade_details_ext903
stashinvest,auth_trans_report,auth_trans_report
stashinvest,data_validation_report,data_validation_report
stashinvest,data_inventory_results,data_inventory_results
stashinvest,l1_tables_failing_count_validation,l1_tables_failing_count_validation
stashinvest,l1_tables_failing_dq_validation,l1_tables_failing_dq_validation
stashinvest,cx_tickets_detail,cx_tickets_detail
stashinvest,cx_tickets_linked_events,cx_tickets_linked_events
stashinvest,cx_customer_detailed,cx_customer_detailed
stashinvest,cx_audio_transcripts,cx_audio_transcripts
stashinvest,cx_tickets,cx_tickets_linked_events
stashinvest,cx_tickets,cx_tickets
stashinvest,gateway_fraud,bank_account_items
stashinvest,gateway_fraud,plastic_transactions
stashinvest,gateway_fraud,user_bank_disputes
stashinvest,gateway_fraud,mart_accounts
stashinvest,gateway_fraud,usr_external_money_links
stashinvest,gateway_fraud,evt_external_money_links
stashinvest,gateway_fraud,itm_external_money_links
stashinvest,gateway_fraud,itm_bank_mrdc
stashinvest,gateway_fraud,bank_card_tracking_items
stashinvest,gateway_fraud,gateway_usr_personal_info
stashinvest,gateway_fraud,gateway_fraud
stashinvest,gateway_fraud,bank_transaction_items
stashinvest,funnel_depth,mart_accounts
stashinvest,funnel_depth,promotion
stashinvest,funnel_depth,mart_transfers
stashinvest,funnel_depth,mart_external_payment_links
stashinvest,funnel_depth,user_campaign_attribution
stashinvest,funnel_depth,user_revenue_by_date
stashinvest,funnel_depth,surveys
stashinvest,funnel_depth,bank_user_stats
stashinvest,funnel_depth,clickstream_events
stashinvest,funnel_depth,mart_login_events
stashinvest,funnel_depth,messaging
stashinvest,funnel_depth,funnel_depth
stashinvest,funnel_depth,mart_subscriptions
stashinvest,funnel_depth,messaging_events
stashinvest,funnel_depth,mart_invest
stashinvest,revenue_actuals,revenue_actuals
stashinvest,stride_transition_bank_revenue,stride_transition_bank_revenue
gateway_fraud,plastic_transactions,plastic_transactions
stashinvest_fraud,invest_fraud_monitor_incoming,pii_users
stashinvest_fraud,invest_fraud_monitor_incoming,datascience_user_timestamps
stashinvest_fraud,invest_fraud_monitor_incoming,invest_fraud_monitor_incoming
stashinvest_fraud,invest_fraud_monitor_incoming,users
stashinvest_fraud,invest_fraud_monitor_incoming,accounts
stashinvest_fraud,invest_fraud_monitor_incoming,fraud_reasons
stashinvest_fraud,invest_fraud_monitor_incoming,bank_enrollments
stashinvest_fraud,invest_fraud_monitor_incoming,bank_accounts
stashinvest_fraud,invest_fraud_monitor_outgoing,pii_users
stashinvest_fraud,invest_fraud_monitor_outgoing,datascience_user_timestamps
stashinvest_fraud,invest_fraud_monitor_outgoing,users
stashinvest_fraud,invest_fraud_monitor_outgoing,invest_fraud_monitor_outgoing
stashinvest_fraud,invest_fraud_monitor_outgoing,accounts
stashinvest_fraud,invest_fraud_monitor_outgoing,fraud_reasons
stashinvest_fraud,invest_fraud_monitor_outgoing,bank_enrollments
stashinvest_fraud,invest_fraud_monitor_outgoing,bank_accounts
stashinvest_fraud,pii_users,transaction_stats
stashinvest_fraud,pii_users,email_verification_by_user
stashinvest_fraud,pii_users,bank_latest_ledger_amount
stashinvest_fraud,pii_users,transfer_stats
stashinvest_fraud,pii_users,investor_applications
stashinvest_fraud,pii_users,unrealized_investments
stashinvest_fraud,pii_users,pii_bank_accounts
stashinvest_fraud,pii_users,bank_ewallets
stashinvest_fraud,pii_users,start_of_days_over_time
stashinvest_fraud,pii_users,phone_number_verifications
stashinvest_fraud,pii_users,user_pmt_linked
stashinvest_fraud,pii_users,bank_user_stats
stashinvest_fraud,pii_users,fraud_signals
stashinvest_fraud,pii_users,cards
stashinvest_fraud,pii_users,derived_transactions
stashinvest_fraud,pii_users,socure_bios
stashinvest_fraud,pii_users,money_movements
stashinvest_fraud,pii_users,bank_account_updates
stashinvest_fraud,pii_users,users
stashinvest_fraud,pii_users,accounts
stashinvest_fraud,pii_users,bank_enrollments
stashinvest_fraud,pii_users,bank_accounts_transfer
stashinvest_fraud,pii_users,user_revenue_month_cohort
stashinvest_fraud,pii_users,pii_tabapay_card_queries
stashinvest_fraud,pii_users,tabapay_chargebacks
stashinvest_fraud,pii_users,stakeholders
stashinvest_fraud,pii_users,admin_users
stashinvest_fraud,pii_users,transfers
stashinvest_fraud,pii_users,investment_lots
stashinvest_fraud,pii_users,apex_sentinel_transfers
stashinvest_fraud,pii_users,lock_events
stashinvest_fraud,pii_users,pii_user_profiles
stashinvest_fraud,pii_users,active_admin_comments
stashinvest_fraud,pii_users,debit_card_transfers
stashinvest_fraud,pii_users,plastic_swipes
stashinvest_fraud,pii_users,pii_users
stashinvest_fraud,pii_users,tabapay_plastic_transaction
stashinvest_fraud,pii_users,bank_ach_pull_whitelist
stashinvest_fraud,pii_users,bank_checking_card_requested
stashinvest_fraud,pii_users,fraud_reasons
stashinvest_fraud,pii_users,transactions
stashinvest_fraud,pii_users,tabapay_transfer
stashinvest_fraud,pii_users,bank_card_activation
stashinvest_fraud,pii_users,bank_accounts
stashinvest_fraud,transactions,transaction_stats
stashinvest_fraud,transactions,investor_applications
stashinvest_fraud,transactions,cards
stashinvest_fraud,transactions,derived_transactions
stashinvest_fraud,transactions,user_profiles
stashinvest_fraud,transactions,users
stashinvest_fraud,transactions,bank_enrollments
stashinvest_fraud,transactions,accounts
stashinvest_fraud,transactions,user_revenue_month_cohort
stashinvest_fraud,transactions,transactions
stashinvest_fraud,transactions,bank_accounts
stashinvest_fraud,socure_bios_reason_codes,socure_bios_reason_codes
stashinvest_fraud,login_activities,login_activities
stashinvest_fraud,login_activities,active_admin_comments
stashinvest_fraud,login_activities,nudata_score_updated
stashinvest_fraud,login_activities,nudata_score_created
stashinvest_fraud,login_activities,users
stashinvest_fraud,lock_events,lock_events
stashinvest_fraud,current_month_liability,current_month_liability
stashinvest_fraud,lock_events_fraud_reasons,zendesk_tickets_fraud
stashinvest_fraud,lock_events_fraud_reasons,users
stashinvest_fraud,lock_events_fraud_reasons,bank_start_of_days
stashinvest_fraud,lock_events_fraud_reasons,lock_events_fraud_reasons
stashinvest_fraud,lock_events_fraud_reasons,bank_monthly_liability
stashinvest_fraud,active_admin_comments,users
stashinvest_fraud,active_admin_comments,active_admin_comments
stashinvest_fraud,active_admin_comments,bank_monthly_liability
stashinvest_fraud,two_fa_events,two_fa_events
stashinvest_fraud,document_requests,document_requests
stashinvest_fraud,bank_monthly_liability,checking_transactions
stashinvest_fraud,bank_monthly_liability,bank_monthly_liability
stashinvest_fraud,invest_monthly_liability,invest_monthly_liability
stashinvest_fraud,checking_transactions,checking_transactions
stashinvest_fraud,checking_transactions,bank_monthly_liability
stashinvest_fraud,ato_1,ato_1
stashinvest_fraud,ato_2,ato_2
stashinvest_fraud,nudata,nudata
stashinvest_fraud,dndbw,total_invest_liability_per_user
stashinvest_fraud,dndbw,dndbw
stashinvest_fraud,dndbw,total_bank_liability_per_user
stashinvest_fraud,dndbw,lock_events_fraud_reasons
stashinvest_fraud,dndbw,user_profiles
stashinvest_fraud,current_month_daily_bank_liability_users,current_month_daily_bank_liability_users
stashinvest_fraud,current_month_daily_bank_liability_users,users
stashinvest_fraud,accepted_transfers,review_initiated_transfers
stashinvest_fraud,accepted_transfers,returned_transfers
stashinvest_fraud,accepted_transfers,accepted_transfers
stashinvest_fraud,accepted_transfers,rejected_transfers
stashinvest_fraud,accepted_transfers,checking_transfer_initiated
stashinvest_fraud,accepted_transfers,users
stashinvest_fraud,accepted_transfers,start_of_days_fraud
stashinvest_fraud,accepted_transfers,acknowledged_transfers
stashinvest_fraud,accepted_transfers,completed_transfers
stashinvest_fraud,accepted_transfers,pending_transfers
stashinvest_fraud,socure_bios_v2_v3_scores,users
stashinvest_fraud,socure_bios_v2_v3_scores,alloy_rules_responses
stashinvest_fraud,socure_bios_v2_v3_scores,u21_reviews
stashinvest_fraud,socure_bios_v2_v3_scores,socure_bios_v2_v3_scores
stashinvest_fraud,socure_bios_v2_v3_scores,bank_monthly_liability
stashinvest_fraud,socure_feedback,users_fraud
stashinvest_fraud,socure_feedback,total_bank_liability_per_user
stashinvest_fraud,socure_feedback,total_invest_liability_per_user
stashinvest_fraud,socure_feedback,socure_feedback
stashinvest_fraud,lock_events_and_fraud_reasons_v2,zendesk_tickets_fraud
stashinvest_fraud,lock_events_and_fraud_reasons_v2,lock_events_and_fraud_reasons_v2
stashinvest_fraud,lock_events_and_fraud_reasons_v2,aa_comments_fraud
stashinvest_fraud,lock_events_and_fraud_reasons_v2,users_fraud
stashinvest_fraud,alloy_rules_responses,alloy_rules_responses
stashinvest_fraud,alloy_rules_responses,u21_reviews
stashinvest_fraud,new_false_positives,new_false_positives
stashinvest_fraud,pvgrpt_alerts,pvgrpt_alerts
stashinvest_fraud,pvgrpt_alerts,bank_monthly_liability
stashinvest_fraud,aa_locks_and_unlocks,aa_locks_and_unlocks
stashinvest_fraud,aa_locks_and_unlocks,users_fraud
stashinvest_fraud,aa_locks_and_unlocks,total_invest_liability_per_user
stashinvest_fraud,aa_locks_and_unlocks,total_bank_liability_per_user
stashinvest_fraud,aa_locks_and_unlocks,lock_events_fraud_reasons
stashinvest_fraud,nudata_users,nudata_users
stashinvest_fraud,users_fraud,users_fraud
stashinvest_fraud,core_users_updated_accounts_fraud,core_users_updated_accounts_fraud
stashinvest_fraud,core_deposits_and_returns_fraud,core_deposits_and_returns_fraud
stashinvest_fraud,core_bank_enrollments_by_state_fraud,core_users_updated_accounts_fraud
stashinvest_fraud,core_bank_enrollments_by_state_fraud,core_bank_enrollments_by_state_fraud
stashinvest_fraud,core_bank_enrollments_by_state_fraud,users
stashinvest_fraud,bank_accounts_fraud,bank_accounts_fraud
stashinvest_fraud,dndbw_core_users,dndbw_core_users
stashinvest_fraud,bank_liability_core_gd,bank_liability_core_gd
stashinvest_fraud,finv_invest_daily,finv_invest_daily
stashinvest_fraud,finv_invest_daily_users,finv_invest_daily_users
stashinvest_fraud,finv_bank_daily,finv_bank_daily
stashinvest_fraud,finv_bank_daily_users,finv_bank_daily_users
stashinvest_fraud,checking_transfer_initiated_first_transfer_fraud,checking_transfer_disallowed_fraud
stashinvest_fraud,checking_transfer_initiated_first_transfer_fraud,checking_transfer_initiated_first_transfer_fraud
stashinvest_fraud,evt_transfers_fraud,evt_transfers_fraud
stashinvest_fraud,users_bank_last_balances,users_bank_last_balances
stashinvest_fraud,mix_panel_events_fraud,mix_panel_events_fraud
stashinvest_peopleops,gh_candidate_quality_by_source_all,gh_candidate_quality_by_source_all
stashinvest_peopleops,gh_candidate_quality_by_source_current_year,gh_candidate_quality_by_source_current_year
stashinvest_peopleops,gh_top_ten_sources_current_year,gh_top_ten_sources_current_year
stashinvest_peopleops,gh_top_ten_sources_all,gh_top_ten_sources_all
stashinvest_peopleops,gh_hiring_speed,gh_hiring_speed
stashinvest_peopleops,gh_interviewer_engagement,gh_interviewer_engagement
stashinvest_peopleops,gh_hires,gh_hires
stashinvest_peopleops,gh_job_referrals,gh_job_referrals
stashinvest_peopleops,greenhouse_jobs,gh_application_stages
stashinvest_peopleops,greenhouse_jobs,gh_offers
stashinvest_peopleops,greenhouse_jobs,greenhouse_jobs
stashinvest_peopleops,greenhouse_jobs,gh_referrers
stashinvest_peopleops,greenhouse_jobs,gh_employments
stashinvest_peopleops,greenhouse_jobs,gh_jobs_stages
stashinvest_peopleops,greenhouse_jobs,gh_scorecards
stashinvest_peopleops,greenhouse_jobs,gh_candidates
stashinvest_peopleops,greenhouse_jobs,gh_departments
stashinvest_peopleops,greenhouse_jobs,gh_openings
stashinvest_peopleops,greenhouse_jobs,gh_rejection_reasons
stashinvest_peopleops,greenhouse_jobs,gh_job_posts
stashinvest_peopleops,greenhouse_jobs,gh_interviewers
stashinvest_peopleops,greenhouse_jobs,gh_educations
stashinvest_peopleops,greenhouse_jobs,gh_sources
stashinvest_peopleops,greenhouse_jobs,gh_applications
de_data_validation,data_validation_results,data_validation_results
stashinvest_finance,profit_and_loss,profit_and_loss
pii_ops_stashinvest,fraud_bank_initiated_transfers_report,fraud_bank_initiated_transfers_report
pii_ops_stashinvest,pii_users,bank_latest_ledger_amount
pii_ops_stashinvest,pii_users,investor_applications
pii_ops_stashinvest,pii_users,unrealized_investments
pii_ops_stashinvest,pii_users,pii_bank_accounts
pii_ops_stashinvest,pii_users,bank_ewallets
pii_ops_stashinvest,pii_users,user_pmt_linked
pii_ops_stashinvest,pii_users,bank_user_stats
pii_ops_stashinvest,pii_users,bank_account_updates
pii_ops_stashinvest,pii_users,document_requests
pii_ops_stashinvest,pii_users,socure_documents
pii_ops_stashinvest,pii_users,bank_accounts_transfer
pii_ops_stashinvest,pii_users,banking_fees
pii_ops_stashinvest,pii_users,auto_stash_execution_stats
pii_ops_stashinvest,pii_users,datascience_user_demographics
pii_ops_stashinvest,pii_users,user_platform_tiers
pii_ops_stashinvest,pii_users,transfers
pii_ops_stashinvest,pii_users,stock_back_peacock
pii_ops_stashinvest,pii_users,investment_lots
pii_ops_stashinvest,pii_users,auto_stash_allocation_stats
pii_ops_stashinvest,pii_users,lock_events
pii_ops_stashinvest,pii_users,cip_indeterminate
pii_ops_stashinvest,pii_users,pii_user_profiles
pii_ops_stashinvest,pii_users,active_admin_comments
pii_ops_stashinvest,pii_users,debit_card_transfers
pii_ops_stashinvest,pii_users,user_revenue_by_date
pii_ops_stashinvest,pii_users,pii_users
pii_ops_stashinvest,pii_users,bank_ach_pull_whitelist
pii_ops_stashinvest,pii_users,security_lending_agreements
pii_ops_stashinvest,pii_users,transactions
pii_ops_stashinvest,pii_users,bank_enrollments
pii_ops_stashinvest,pii_users,bank_card_activation
pii_ops_stashinvest,pii_users,money_movements
pii_ops_stashinvest,pii_users,uploaded_documents
pii_ops_stashinvest,pii_users,bank_accounts
pii_ops_stashinvest,pii_users,minors
pii_ops_stashinvest,pii_users,stock_back_users
pii_ops_stashinvest,pii_users,transaction_stats
pii_ops_stashinvest,pii_users,datascience_user_timestamps
pii_ops_stashinvest,pii_users,transfer_stats
pii_ops_stashinvest,pii_users,cip_instant
pii_ops_stashinvest,pii_users,customer_identity_program_result_resources
pii_ops_stashinvest,pii_users,phone_number_verifications
pii_ops_stashinvest,pii_users,customer_identity_program_results
pii_ops_stashinvest,pii_users,fees
pii_ops_stashinvest,pii_users,fraud_signals
pii_ops_stashinvest,pii_users,portfolio_stats
pii_ops_stashinvest,pii_users,cards
pii_ops_stashinvest,pii_users,derived_transactions
pii_ops_stashinvest,pii_users,socure_bios
pii_ops_stashinvest,pii_users,users
pii_ops_stashinvest,pii_users,bank_purchase_stats
pii_ops_stashinvest,pii_users,accounts
pii_ops_stashinvest,pii_users,acats_external_brokers_only
pii_ops_stashinvest,pii_users,user_revenue_month_cohort
pii_ops_stashinvest,pii_users,socure_document_verifications
pii_ops_stashinvest,pii_users,qualified_founders
pii_ops_stashinvest,pii_users,stakeholders
pii_ops_stashinvest,pii_users,platform_start_of_days
pii_ops_stashinvest,pii_users,login_activities
pii_ops_stashinvest,pii_users,payback_expected_contribution_new_subs_leading
pii_ops_stashinvest,pii_users,cip_reject
pii_ops_stashinvest,pii_users,apex_sentinel_transfers
pii_ops_stashinvest,pii_users,subscriber_roll_forward
pii_ops_stashinvest,pii_users,subscriptions
pii_ops_stashinvest,pii_users,invest_matrix
pii_ops_stashinvest,pii_users,universal_transfers
pii_ops_stashinvest,pii_users,start_of_days
pii_ops_stashinvest,pii_users,user_profiles
pii_ops_stashinvest,pii_users,bank_checking_card_requested
pii_ops_stashinvest,pii_users,first_transfer_stats
pii_ops_stashinvest,pii_users,tabapay_transfer
pii_ops_stashinvest,pii_users,fraud_reasons
pii_ops_stashinvest,accounts,transfers
pii_ops_stashinvest,accounts,transfer_stats
pii_ops_stashinvest,accounts,auto_stash_allocation_stats
pii_ops_stashinvest,accounts,apex_sentinel_transfers
pii_ops_stashinvest,accounts,user_pmt_linked
pii_ops_stashinvest,accounts,bank_user_stats
pii_ops_stashinvest,accounts,portfolio_stats
pii_ops_stashinvest,accounts,start_of_day_stats
pii_ops_stashinvest,accounts,derived_transactions
pii_ops_stashinvest,accounts,users
pii_ops_stashinvest,accounts,accounts
pii_ops_stashinvest,accounts,bank_accounts_transfer
pii_ops_stashinvest,accounts,bank_enrollments
pii_ops_stashinvest,accounts,tabapay_transfer
pii_ops_stashinvest,accounts,bank_accounts
pii_ops_stashinvest,accounts,auto_stash_execution_stats
pii_ops_stashinvest,comments,comments
pii_ops_stashinvest,comments,admin_users
pii_ops_stashinvest,user_comments,user_comments
pii_ops_stashinvest,user_comments,user_profiles
pii_ops_stashinvest,user_comments,bank_accounts
pii_ops_stashinvest,user_comments,users
pii_ops_stashinvest,transactions,transaction_stats
pii_ops_stashinvest,transactions,cards
pii_ops_stashinvest,transactions,investor_applications
pii_ops_stashinvest,transactions,derived_transactions
pii_ops_stashinvest,transactions,user_profiles
pii_ops_stashinvest,transactions,users
pii_ops_stashinvest,transactions,bank_enrollments
pii_ops_stashinvest,transactions,accounts
pii_ops_stashinvest,transactions,user_revenue_month_cohort
pii_ops_stashinvest,transactions,transactions
pii_ops_stashinvest,transactions,bank_accounts
pii_ops_stashinvest,referrals,referrals
pii_ops_stashinvest,referrals,users
pii_ops_stashinvest,fees,stock_back_users
pii_ops_stashinvest,fees,transaction_stats
pii_ops_stashinvest,fees,transfers
pii_ops_stashinvest,fees,transfer_stats
pii_ops_stashinvest,fees,apex_sentinel_transfers
pii_ops_stashinvest,fees,smart_saves
pii_ops_stashinvest,fees,fees
pii_ops_stashinvest,fees,user_pmt_linked
pii_ops_stashinvest,fees,plaid_users
pii_ops_stashinvest,fees,bank_user_stats
pii_ops_stashinvest,fees,start_of_day_stats
pii_ops_stashinvest,fees,derived_transactions
pii_ops_stashinvest,fees,users
pii_ops_stashinvest,fees,accounts
pii_ops_stashinvest,fees,bank_accounts_transfer
pii_ops_stashinvest,fees,bank_enrollments
pii_ops_stashinvest,fees,tabapay_transfer
pii_ops_stashinvest,fees,money_movements
pii_ops_stashinvest,fees,bank_accounts
pii_ops_stashinvest,auto_stash_executions,accounts
pii_ops_stashinvest,auto_stash_executions,auto_stashes
pii_ops_stashinvest,auto_stash_executions,auto_stash_executions
pii_ops_stashinvest,auto_stash_executions,user_profiles
pii_ops_stashinvest,auto_stash_executions,bank_accounts
pii_ops_stashinvest,auto_stash_executions,users
pii_ops_stashinvest,users_with_email_delivery_failures,users_with_email_delivery_failures
