view_name,schema_name,table_name
reviews_data,public,reviews_data
apex_securities_lending_accrual_raw_file,DERIVED_TABLE,DERIVED_TABLE
margin_sod_apex,DERIVED_TABLE,DERIVED_TABLE
bounty_offer_cash,source_pg_bounty,offer_cash
apex_debit,source_apex,debit
root_test_drive_completed,source_influencer,root_test_drive_completed
bank_monthly_spend_users,DERIVED_TABLE,DERIVED_TABLE
braze_tracker,public,braze_tracker
portfolio_stats,DERIVED_TABLE,DERIVED_TABLE
user_portfolio_stats,DERIVED_TABLE,DERIVED_TABLE
customer_journey_user_segments,DERIVED_TABLE,DERIVED_TABLE
apex_cash_daily_balances,DERIVED_TABLE,DERIVED_TABLE
u21_reviews,DERIVED_TABLE,DERIVED_TABLE
stakeholders,source_pg_main,stakeholders
evt_transfers_fraud,DERIVED_TABLE,DERIVED_TABLE
bounty_sharing_codes,source_pg_bounty,sharing_codes
bank_purchase_stats,DERIVED_TABLE,DERIVED_TABLE
investor_applications,source_pg_main,investor_applications
two_fa_events,DERIVED_TABLE,DERIVED_TABLE
tabapay_chargebacks,DERIVED_TABLE,DERIVED_TABLE
tabapay_chargeback_users,DERIVED_TABLE,DERIVED_TABLE
transactions,source_pg_main,transactions
derived_transactions,DERIVED_TABLE,DERIVED_TABLE
first_month_transactions_stats,DERIVED_TABLE,DERIVED_TABLE
two_month_transactions_stats,DERIVED_TABLE,DERIVED_TABLE
monthly_active_external_plastic_links,DERIVED_TABLE,DERIVED_TABLE
bounty_promotion_eligibilities,source_pg_bounty,promotion_eligibilities
comments,DERIVED_TABLE,DERIVED_TABLE
braze_data_weekly_sessions,DERIVED_TABLE,DERIVED_TABLE
socure_v3_requests,DERIVED_TABLE,DERIVED_TABLE
subscription_content_esign,source_subscriptions,user_esignatures
applied_subscription_discounts,source_pg_main,applied_subscription_discounts
locked_users_with_tickets,DERIVED_TABLE,DERIVED_TABLE
pending_transfers,DERIVED_TABLE,DERIVED_TABLE
account_verification_flow,DERIVED_TABLE,DERIVED_TABLE
bank_idv_attempted,DERIVED_TABLE,DERIVED_TABLE
socure_feedback,DERIVED_TABLE,DERIVED_TABLE
stockton_stock_reward,source_stockton,stockton_stock_reward
platform_start_of_days,DERIVED_TABLE,DERIVED_TABLE
platform_start_of_days_daily_change,DERIVED_TABLE,DERIVED_TABLE
platform_start_of_days_end_of_month,DERIVED_TABLE,DERIVED_TABLE
platform_start_of_days_over_time,DERIVED_TABLE,DERIVED_TABLE
guidance_questions,DERIVED_TABLE,DERIVED_TABLE
guidance_wbyh,DERIVED_TABLE,DERIVED_TABLE
cts_record_nsf_decision,source_cts,record_nsf_decision
user_profiles,source_pg_main,user_profiles
users_by_date_stats,DERIVED_TABLE,DERIVED_TABLE
unrealized_investments,DERIVED_TABLE,DERIVED_TABLE
idology_bios,source_pg_main,idology_bios
core_deposits_and_returns_fraud,DERIVED_TABLE,DERIVED_TABLE
apex_atlas_requests,source_pg_main,apex_atlas_requests
phone_number_verifications,DERIVED_TABLE,DERIVED_TABLE
stock_back_trials,source_pg_main,stock_back_trials
duplicates,DERIVED_TABLE,DERIVED_TABLE
bestow_policy_purchased,source_pg_influencer,bestow_policy_purchases
auto_stash_execution_request,source_rover,auto_stash_execution_request
pii_users,DERIVED_TABLE,DERIVED_TABLE
model_monitoring,DERIVED_TABLE,DERIVED_TABLE
cancel_rates,DERIVED_TABLE,DERIVED_TABLE
cancel_rates_micros,DERIVED_TABLE,DERIVED_TABLE
bank_accounts_fraud,DERIVED_TABLE,DERIVED_TABLE
price_data,source_tr,price_data
cat_meor_activity,DERIVED_TABLE,DERIVED_TABLE
apex_trade_details_ext903,DERIVED_TABLE,DERIVED_TABLE
datascience_user_demographics,integrated_users,user_demographics
avaya_stash_metadata_reconciliation,DERIVED_TABLE,DERIVED_TABLE
appsflyer_fraud,source_appsflyer,post_attribution_fraud
payback_realtime,DERIVED_TABLE,DERIVED_TABLE
sms_opted_in,DERIVED_TABLE,DERIVED_TABLE
apex_account_master_apex_full,source_apex,account_master_apex_full
bestow_app_completed,source_pg_influencer,bestow_completed_apps
idv_eligibility,DERIVED_TABLE,DERIVED_TABLE
smaug_logs,source_logs,smaug_logs
auto_stash_executions,source_pg_main,auto_stash_executions
apex_b_notice,DERIVED_TABLE,DERIVED_TABLE
banking_fees,source_pg_main,banking_fees
apex_escheatment_entries,DERIVED_TABLE,DERIVED_TABLE
user_pmt_linked,integrated_users,user_pmt_linked
monthly_active_invest_users,DERIVED_TABLE,DERIVED_TABLE
tabapay_card_queries,DERIVED_TABLE,DERIVED_TABLE
money_movements,source_pg_main,money_movements
referral_attribution,DERIVED_TABLE,DERIVED_TABLE
confluence,DERIVED_TABLE,DERIVED_TABLE
gh_hires,integrated_gh,number_of_hires
gh_hiring_speed,integrated_gh,hiring_speed
gh_candidate_quality_by_source_current_year,DERIVED_TABLE,DERIVED_TABLE
gh_interviewer_engagement,integrated_gh,scorecards
gh_candidate_quality_by_source_all,DERIVED_TABLE,DERIVED_TABLE
gh_top_ten_sources_current_year,DERIVED_TABLE,DERIVED_TABLE
gh_top_ten_sources_all,DERIVED_TABLE,DERIVED_TABLE
gh_job_referrals,integrated_gh,employee_referrals
apex_sentinel_relationship_polls,DERIVED_TABLE,DERIVED_TABLE
datascience_historic_user_portfolios,integrated_users,user_investments
datascience_historic_portfolios_end_of_month,DERIVED_TABLE,DERIVED_TABLE
bank_linker_link_status_changed,source_ext_accounts,bank_linker_link_status_changed
subscriptions,source_pg_main,subscriptions
low_balance_users_incremental,integrated_users,low_balance_users_incremental
review_topic_model,public,review_topic_model
referral_service_triggers,source_pg_referral_service,triggers
alloy_evaluation_resp,gateway,alloy_evaluation_resp_curated_view
auto_stash_mainframe,DERIVED_TABLE,DERIVED_TABLE
critical_alert_responses,source_pg_main,critical_alert_responses
stride_transition_bank_revenue,DERIVED_TABLE,DERIVED_TABLE
payback_organic,DERIVED_TABLE,DERIVED_TABLE
braze_leadgen_attribution,DERIVED_TABLE,DERIVED_TABLE
subscription_discounts,source_pg_main,subscription_discounts
auto_stash_allocations,DERIVED_TABLE,DERIVED_TABLE
socure_documents,source_pg_main,socure_documents
apex_sketch_investigations_enriched,integrated_apex,apex_sketch_investigations_enriched
smart_portfolio_users,DERIVED_TABLE,DERIVED_TABLE
current_month_daily_bank_liability_users,DERIVED_TABLE,DERIVED_TABLE
unlocked_and_ticketed,DERIVED_TABLE,DERIVED_TABLE
current_month_liability,DERIVED_TABLE,DERIVED_TABLE
marketing_overlap,public,overlap_data
tiers_roll_forward,DERIVED_TABLE,DERIVED_TABLE
contribution_assumptions,DERIVED_TABLE,DERIVED_TABLE
avaya_audio_call_detail,DERIVED_TABLE,DERIVED_TABLE
core_account_creation,DERIVED_TABLE,DERIVED_TABLE
balances,DERIVED_TABLE,DERIVED_TABLE
subscription_invoice_items,source_subscriptions,invoice_items
haus,public,haus
model_holdouts,integrated_users,holdout
referral_service_recipient_variant_trigger_rewards,source_pg_referral_service,recipient_variant_trigger_rewards
account_verifications,source_pg_main,account_verifications
users_with_email_delivery_failures,DERIVED_TABLE,DERIVED_TABLE
card_query_attempts,DERIVED_TABLE,DERIVED_TABLE
duplicate_user_aggregate,DERIVED_TABLE,DERIVED_TABLE
duplicate_users,DERIVED_TABLE,DERIVED_TABLE
investment_account_settings,source_pg_main,investment_account_settings
sprig_surveys,source_sprig,surveys
affiliate_tracker,public,stashaffiliatetracker
socure_v3,DERIVED_TABLE,DERIVED_TABLE
first_socure_v3,DERIVED_TABLE,DERIVED_TABLE
completed_transfers,DERIVED_TABLE,DERIVED_TABLE
root_account_created,source_influencer,root_account_created
completed_cfsi_attributes_latest,DERIVED_TABLE,DERIVED_TABLE
pager_duty_incidents,DERIVED_TABLE,DERIVED_TABLE
mix_panel_events_fraud,DERIVED_TABLE,DERIVED_TABLE
future_dividends,DERIVED_TABLE,DERIVED_TABLE
appsflyer_payloads_usher,source_pg_usher,attribution_payloads
invest_matrix,DERIVED_TABLE,DERIVED_TABLE
referral_service_campaign_variants,source_pg_referral_service,campaign_variants
bank_linker_user_stats,DERIVED_TABLE,DERIVED_TABLE
debit_card_transfer_stats,DERIVED_TABLE,DERIVED_TABLE
subscription_discount_types,source_pg_main,subscription_discount_types
retail_banking_instant_deposits,source_pg_main,retail_banking_instant_deposits
apex_end_of_day_activity_all,DERIVED_TABLE,DERIVED_TABLE
finv_invest_daily,DERIVED_TABLE,DERIVED_TABLE
active_admin_comments,DERIVED_TABLE,DERIVED_TABLE
active_admin_comments_transactions,DERIVED_TABLE,DERIVED_TABLE
active_admin_comments_transfers,DERIVED_TABLE,DERIVED_TABLE
bank_monthly_deposit_users,DERIVED_TABLE,DERIVED_TABLE
universal_transfer_stats_derived,DERIVED_TABLE,DERIVED_TABLE
stock_back_peacock,DERIVED_TABLE,DERIVED_TABLE
lock_events_and_fraud_reasons_v2,DERIVED_TABLE,DERIVED_TABLE
bank_monthly_rt_users,DERIVED_TABLE,DERIVED_TABLE
first_transfer,DERIVED_TABLE,DERIVED_TABLE
plastic_swipes,DERIVED_TABLE,DERIVED_TABLE
targets,DERIVED_TABLE,DERIVED_TABLE
monthly_autostashing_users,DERIVED_TABLE,DERIVED_TABLE
cards,source_pg_main,cards
two_factor,DERIVED_TABLE,DERIVED_TABLE
stockback_roundups_users,DERIVED_TABLE,DERIVED_TABLE
bounty_offer_waive_subscriptions,source_pg_bounty,offer_waive_subscriptions
stock_back_users,DERIVED_TABLE,DERIVED_TABLE
retire_tracker,public,retire_tracker
trades,source_pg_main,trades
transfer_ledger,source_pg_orca,transfer_ledger
monthly_active_smart_users,DERIVED_TABLE,DERIVED_TABLE
referral_service_invest_cash_rewards,source_pg_referral_service,invest_cash_rewards
rejected_transfers,DERIVED_TABLE,DERIVED_TABLE
bookmarks,DERIVED_TABLE,DERIVED_TABLE
users_bank_last_balances,DERIVED_TABLE,DERIVED_TABLE
monthly_sale_roll_forward,DERIVED_TABLE,DERIVED_TABLE
checking_transfer_disallowed_fraud,DERIVED_TABLE,DERIVED_TABLE
escheatment_forwardlooking_5years,DERIVED_TABLE,DERIVED_TABLE
avaya_calls,DERIVED_TABLE,DERIVED_TABLE
coach_close_account_feedback,DERIVED_TABLE,DERIVED_TABLE
payback_user_campaign,integrated_users,user_campaign_attribution
delivery_failures,source_pg_main,delivery_failures
utm_attributions,DERIVED_TABLE,DERIVED_TABLE
retention_offers,source_pg_retention,offers
total_bank_liability_per_user,DERIVED_TABLE,DERIVED_TABLE
canvas,source_braze,canvas
nudata,DERIVED_TABLE,DERIVED_TABLE
unit21_transfer_review,DERIVED_TABLE,DERIVED_TABLE
leading_data,public,leading_data
root_profile_created,source_influencer,root_profile_created
corporate_action_activity_all_time,DERIVED_TABLE,DERIVED_TABLE
bounty_promotion_trigger_attributes,source_pg_bounty,promotion_trigger_attributes
three_ts_seven_days,integrated_users,three_ts_seven_days
returned_transfers,DERIVED_TABLE,DERIVED_TABLE
card_companies,source_pg_main,card_companies
user_revenue_month_cohort,DERIVED_TABLE,DERIVED_TABLE
customer_identity_program_result_resources,source_pg_main,customer_identity_program_result_resources
bank_recurring_transfer_events,source_rover,recurring_transfer_created
accounts,source_pg_main,accounts
referral_service_variant_triggers,source_pg_referral_service,variant_triggers
bank_recurring_transfer_initiated,source_rover,orca_transfer_request
bounty_promotion_offers,source_pg_bounty,promotion_offers
u21_users,DERIVED_TABLE,DERIVED_TABLE
user_revenue_by_date,integrated_users,user_revenue_by_date
user_revenue_ever,DERIVED_TABLE,DERIVED_TABLE
user_revenue_any_last_month,DERIVED_TABLE,DERIVED_TABLE
user_revenue_this_month,DERIVED_TABLE,DERIVED_TABLE
user_revenue_end_of_month,DERIVED_TABLE,DERIVED_TABLE
subscription_revenue_monthly_difference,DERIVED_TABLE,DERIVED_TABLE
transfers,source_pg_main,transfers
referral_service_variants,source_pg_referral_service,variants
fraud_personas,DERIVED_TABLE,DERIVED_TABLE
start_of_day_stats,DERIVED_TABLE,DERIVED_TABLE
kpi_master,public,kpi_master
revenue_actuals,source_finance_open,revenue_actuals
bounty_offer_stock_rewards,source_pg_bounty,offer_stock_rewards
bank_monthly_dd_users,DERIVED_TABLE,DERIVED_TABLE
dma_codes,dimension,dma_codes
b_notice_activity,DERIVED_TABLE,DERIVED_TABLE
payback_ob2_segments,DERIVED_TABLE,DERIVED_TABLE
lock_events,source_pg_main,lock_events
escheatment_forwardlooking_3years,DERIVED_TABLE,DERIVED_TABLE
core_atm_transactions,DERIVED_TABLE,DERIVED_TABLE
core_bank_enrollments_by_state,DERIVED_TABLE,DERIVED_TABLE
subscriber_roll_forward,integrated_users,paying_subscriber_retention
sigma2,DERIVED_TABLE,DERIVED_TABLE
bank_intentionality_models,DERIVED_TABLE,DERIVED_TABLE
s3_total_data,DERIVED_TABLE,DERIVED_TABLE
ato_1,DERIVED_TABLE,DERIVED_TABLE
payback_user_expected_contribution,DERIVED_TABLE,DERIVED_TABLE
marketing_campaign_day_zero_contribution,DERIVED_TABLE,DERIVED_TABLE
paid_performance,DERIVED_TABLE,DERIVED_TABLE
braze_flow,DERIVED_TABLE,DERIVED_TABLE
braze_attribution_esign,DERIVED_TABLE,DERIVED_TABLE
braze_attribution_link,DERIVED_TABLE,DERIVED_TABLE
braze_attribution_create,integrated_braze,attribution_create
braze_attribution_redemption,integrated_braze,attribution_redemption
referral_service_referrals,source_pg_referral_service,referrals
chestnut_subscriptions,DERIVED_TABLE,DERIVED_TABLE
failed_auto_approvals,DERIVED_TABLE,DERIVED_TABLE
fraud_bank_initiated_transfers_report,DERIVED_TABLE,DERIVED_TABLE
connections,DERIVED_TABLE,DERIVED_TABLE
lock_events_and_bank_liability,DERIVED_TABLE,DERIVED_TABLE
gh_rejection_reasons,source_gh,rejection_reasons
gh_sources,source_gh,sources
gh_referrers,source_gh,referrers
gh_interviewers,source_gh,interviewers
gh_jobs_stages,source_gh,jobs_stages
gh_departments,source_gh,departments
gh_openings,source_gh,openings
gh_scorecards,source_gh,scorecards
gh_offers,source_gh,offers
gh_educations,source_gh,educations
gh_applications,source_gh,applications
gh_jobs,source_gh,jobs
gh_candidates,source_gh,candidates
gh_employments,source_gh,employments
gh_job_posts,source_gh,job_posts
gh_application_stages,source_gh,application_stages
bank_fraud,integrated_users,bank_fraud_score_adjusted
bank_linker_link_initiated,source_ext_accounts,bank_linker_link_initiated
subscription_fees,source_pg_main,subscription_fees
learn_events,public,learn_events
portfolio_score,source_pg_moneyball,portfolio_scores
stock_party,DERIVED_TABLE,DERIVED_TABLE
stock_party_tickets,DERIVED_TABLE,DERIVED_TABLE
google_play_ratings,source_google_play,ratings
referral_service_campaigns_latest,DERIVED_TABLE,DERIVED_TABLE
position_errors,source_brokerage,position_errors
bank_spending_budget_updated,source_ama,budget_updated
subscription_prices,source_subscriptions,prices
consolidated_cash_activity_ext869,source_apex,consolidated_cash_activity_ext869
consolidated_monthly_tie_out,DERIVED_TABLE,DERIVED_TABLE
checking_transfers_in_out,DERIVED_TABLE,DERIVED_TABLE
minors,source_pg_main,minors
uploaded_documents,source_pg_main,uploaded_documents
subscription_actions,DERIVED_TABLE,DERIVED_TABLE
subscription_users,source_subscriptions,users
subscription_subscriptions,source_subscriptions,subscriptions
subscription_plans,source_subscriptions,plans
subscription_chargeable,DERIVED_TABLE,DERIVED_TABLE
subscription_content_fees,DERIVED_TABLE,DERIVED_TABLE
onboarding_two_test,DERIVED_TABLE,DERIVED_TABLE
users_first_investment_purchase,DERIVED_TABLE,DERIVED_TABLE
incremental_model_results,integrated_marketing,incremental_model_results
incremental_model_vif_values,public,incremental_model_vif_values
incremental_model_spend_tracking,public,incremental_model_spend_tracking
tabapay_transfer,source_pg_main,stash_bank_plastic_deposits
transaction_stats,DERIVED_TABLE,DERIVED_TABLE
fraud_signals,DERIVED_TABLE,DERIVED_TABLE
mandatory_reorg_notification_apex_eod_file,DERIVED_TABLE,DERIVED_TABLE
referral_redemptions,source_pg_main,referral_redemptions
bounty_hunter_campaign_opt_outs,source_pg_bounty_hunter,campaign_opt_outs
bounty_hunter_user_campaign_test_memberships,source_pg_bounty_hunter,user_campaign_test_memberships
tabapay_plastic_transaction,DERIVED_TABLE,DERIVED_TABLE
auto_stash_allocation_stats,DERIVED_TABLE,DERIVED_TABLE
personal_brokerage_stats,DERIVED_TABLE,DERIVED_TABLE
card_deactivated,source_galactus,card_deactivated
fee_transaction,source_galactus,fee_transaction
mrdc_transaction,source_galactus,mrdc_transaction
instant_pay_transaction,source_galactus,instant_pay_transaction
bill_pay_transaction,source_galactus,bill_pay_transaction
p2p_transaction,source_galactus,p2p_transaction
card_pin_set,source_galactus,card_pin_set
charge_off_transaction,source_galactus,charge_off_transaction
omni_transaction,source_galactus,omni_transaction
card_mail_tracking_updated,source_galactus,card_mail_tracking_updated
debit_card_swipe_transaction,source_galactus,debit_card_swipe_transaction
digital_wallet_token_status_updated,source_galactus,digital_wallet_token_status_updated
atm_transaction,source_galactus,atm_transaction
card_reissued,source_galactus,card_reissued
ecash_transaction,source_galactus,ecash_transaction
card_activated,source_galactus,card_activated
adjustment_transaction,source_galactus,adjustment_transaction
digital_wallet_token_created,source_galactus,digital_wallet_token_created
ach_transaction,source_galactus,ach_transaction
account_updated,source_galactus,account_updated
card_created,source_galactus,card_created
card_locked,source_galactus,card_locked
check_transaction,source_galactus,check_transaction
dispute_transaction,source_galactus,dispute_transaction
account_created,source_galactus,account_created
sec_lending_accounts_not_enrolled,DERIVED_TABLE,DERIVED_TABLE
bounty_promotions,source_pg_bounty,promotions
socure_idv_flow,DERIVED_TABLE,DERIVED_TABLE
acats_external_brokers_only,DERIVED_TABLE,DERIVED_TABLE
stock_party_parties,source_pg_stockparty,parties
securities_lending_accounts,DERIVED_TABLE,DERIVED_TABLE
profit_and_loss,source_finance,profit_and_loss
datascience_user_timestamps,integrated_users,user_timestamps
bank_accounts,DERIVED_TABLE,DERIVED_TABLE
bank_accounts_transfer,DERIVED_TABLE,DERIVED_TABLE
investment_lots,DERIVED_TABLE,DERIVED_TABLE
customer_identity_program_results,source_pg_main,customer_identity_program_results
payback_expected_contribution_new_subs_leading,DERIVED_TABLE,DERIVED_TABLE
bank_ewallets,DERIVED_TABLE,DERIVED_TABLE
smart_save_stats,DERIVED_TABLE,DERIVED_TABLE
core_bank_enrollments_by_state_fraud,DERIVED_TABLE,DERIVED_TABLE
finv_invest_daily_users,DERIVED_TABLE,DERIVED_TABLE
user_platform_tier_subscription_invoices,source_pg_main,user_platform_tier_subscription_invoices
bank_liabilities,mart,bank_liabilities
model_scores,DERIVED_TABLE,DERIVED_TABLE
active_admin_actions,DERIVED_TABLE,DERIVED_TABLE
nudata_score_updated,DERIVED_TABLE,DERIVED_TABLE
dndbw,DERIVED_TABLE,DERIVED_TABLE
platform_funded_within,DERIVED_TABLE,DERIVED_TABLE
bank_liability_core_gd,DERIVED_TABLE,DERIVED_TABLE
core_users_updated_accounts_fraud,DERIVED_TABLE,DERIVED_TABLE
exr_external_account,source_pg_exr,external_account
exr_institution,source_pg_exr,institution
exr_external_account_status,source_pg_exr,external_account_status
users,source_pg_main,users
canceled_transfers,source_pg_main,canceled_transfers
user_level_spend,integrated_users,user_level_spend
cat_meno_activity,DERIVED_TABLE,DERIVED_TABLE
total_invest_liability_per_user,DERIVED_TABLE,DERIVED_TABLE
bucket_aggregation,DERIVED_TABLE,DERIVED_TABLE
referral_service_solicitor_agreements,source_pg_referral_service,solicitor_agreements
auto_stash_events,DERIVED_TABLE,DERIVED_TABLE
apex_margin_calls,source_apex,margin_calls
security_lending_enrollment_events,source_pg_main,security_lending_enrollment_events
acat_pending_summary,DERIVED_TABLE,DERIVED_TABLE
email_verifications,DERIVED_TABLE,DERIVED_TABLE
email_verification_by_user,DERIVED_TABLE,DERIVED_TABLE
lock_events_fraud_reasons,DERIVED_TABLE,DERIVED_TABLE
stock_rewards,DERIVED_TABLE,DERIVED_TABLE
stock_rewards_by_user_by_month,DERIVED_TABLE,DERIVED_TABLE
first_funnel_depth,DERIVED_TABLE,DERIVED_TABLE
referral_service_campaigns,source_pg_referral_service,campaigns
marketing_branch_overlap,public,branch_overlap
plaid_transactions,source_plaid,transactions
plaid_outgoing_by_month,DERIVED_TABLE,DERIVED_TABLE
transfer_stats,DERIVED_TABLE,DERIVED_TABLE
bounty_promotion_categories,source_pg_bounty,promotion_categories
socure_bios_v2_v3_scores,DERIVED_TABLE,DERIVED_TABLE
bank_monthly_users,DERIVED_TABLE,DERIVED_TABLE
bank_transactions,DERIVED_TABLE,DERIVED_TABLE
socure_bios_reason_codes,DERIVED_TABLE,DERIVED_TABLE
subscription_user_free_trials,source_subscriptions,user_free_trials
locked_users_by_fraud_reason,DERIVED_TABLE,DERIVED_TABLE
fraud_bank_change,DERIVED_TABLE,DERIVED_TABLE
bank_latest_ledger_amount,DERIVED_TABLE,DERIVED_TABLE
dividend_reinvestment_enrollment_events,DERIVED_TABLE,DERIVED_TABLE
platform_switching,DERIVED_TABLE,DERIVED_TABLE
bank_ach_pull_whitelist,source_banking,ach_pull_whitelist
checking_transfer_initiated,DERIVED_TABLE,DERIVED_TABLE
qualtrics_survey_flattened_response,mart,qualtrics
set_schedule_from_rover,DERIVED_TABLE,DERIVED_TABLE
socure_document_verifications,source_pg_main,socure_document_verifications
auto_close_processes,source_pg_main,auto_close_processes
admin_users,source_pg_main,admin_users
funded_breakdown,public,funded_breakdown
referral_service_sender_variant_trigger_rewards,source_pg_referral_service,sender_variant_trigger_rewards
instant_transfer_status_history,source_pg_orca,instant_transfer_status_history
idv_cip_program,DERIVED_TABLE,DERIVED_TABLE
core_debit_card_swipe,DERIVED_TABLE,DERIVED_TABLE
subscription_invoices,source_subscriptions,invoices
user_platform_tier_subscription_charge_attempts,DERIVED_TABLE,DERIVED_TABLE
users_first_invest_transfer,DERIVED_TABLE,DERIVED_TABLE
apex_owners_file_ext1026,DERIVED_TABLE,DERIVED_TABLE
debit_card_transfers,source_pg_main,debit_card_transfers
friends_of_stash,integrated_users,friends_of_stash
bank_tracker,DERIVED_TABLE,DERIVED_TABLE
active_with_equity_incremental,integrated_users,active_with_equity_incremental
core_ecash,DERIVED_TABLE,DERIVED_TABLE
true_app_installs,source_apptweak,installs
apex_sentinel_transfers,source_pg_main,apex_sentinel_transfers
zendesk_macros,integrated_zendesk,zendesk_macros
zendesk_users,integrated_zendesk,zendesk_users
zendesk_ticket_tags,integrated_zendesk,zendesk_ticket_tags
zendesk_calls,integrated_zendesk,zendesk_calls
zendesk_tickets,DERIVED_TABLE,DERIVED_TABLE
zendesk_groups,integrated_zendesk,zendesk_groups
bank_start_of_days_monthly_stats,DERIVED_TABLE,DERIVED_TABLE
braze_tracker_additional,public,braze_tracker_additional
avaya_stash_audio_reconciliation,DERIVED_TABLE,DERIVED_TABLE
finv_bank_daily_users,DERIVED_TABLE,DERIVED_TABLE
spend_model,public,spend_model
user_campaign_attribution,integrated_users,user_campaign_attribution
top_vendors,DERIVED_TABLE,DERIVED_TABLE
account_state_transitions,source_pg_main,account_state_transitions
unhealthy_state_transitions,DERIVED_TABLE,DERIVED_TABLE
start_of_days,DERIVED_TABLE,DERIVED_TABLE
start_of_days_over_time,DERIVED_TABLE,DERIVED_TABLE
start_of_days_end_of_month,DERIVED_TABLE,DERIVED_TABLE
start_of_days_end_of_month_personal_brokerage,DERIVED_TABLE,DERIVED_TABLE
start_of_days_all,source_pg_main,start_of_days
start_of_days_first_forty_five,DERIVED_TABLE,DERIVED_TABLE
quovo_transactions,DERIVED_TABLE,DERIVED_TABLE
alloy_rules_responses,DERIVED_TABLE,DERIVED_TABLE
bounty_triggers,source_pg_bounty,triggers
sb_promo_lift,public,sb_promo_lift
referrals,DERIVED_TABLE,DERIVED_TABLE
retention_offer_redemptions,source_pg_retention,redemptions
state_population,DERIVED_TABLE,DERIVED_TABLE
marketing_campaign,integrated_marketing,spend_data_waterfall
subscriber_date,DERIVED_TABLE,DERIVED_TABLE
finv_bank_daily,DERIVED_TABLE,DERIVED_TABLE
bank_checking_card_requested,source_tungsten,checking_card_requested
ato_2,DERIVED_TABLE,DERIVED_TABLE
monthly_investing_users,DERIVED_TABLE,DERIVED_TABLE
start_of_days_fraud,DERIVED_TABLE,DERIVED_TABLE
qualified_founders,source_pg_main,qualified_founders
new_margin_sod_apex,DERIVED_TABLE,DERIVED_TABLE
attribution_payloads,source_pg_main,attribution_payloads
bestow_landing_page_viewed,source_pg_influencer,bestow_page_views
pii_tabapay_card_queries,DERIVED_TABLE,DERIVED_TABLE
pii_user_profiles,DERIVED_TABLE,DERIVED_TABLE
review_initiated_transfers,DERIVED_TABLE,DERIVED_TABLE
tabapay_accounts,DERIVED_TABLE,DERIVED_TABLE
first_tabapay_account,DERIVED_TABLE,DERIVED_TABLE
bounty_offer_cash_matches,source_pg_bounty,offer_cash_matches
cusip_compare,DERIVED_TABLE,DERIVED_TABLE
plaid_categories,DERIVED_TABLE,DERIVED_TABLE
appsflyer_event_table,source_appsflyer,in_app_events
bounty_promotion_offer_redemptions,source_pg_bounty,promotion_offer_redemptions
invest_tracker,public,invest_tracker
set_schedule_recurring_transfers,DERIVED_TABLE,DERIVED_TABLE
bestow_contact_info_submitted,source_pg_influencer,bestow_contact_info_submissions
user_platform_tiers_stats,DERIVED_TABLE,DERIVED_TABLE
aa_comments_fraud,DERIVED_TABLE,DERIVED_TABLE
plaid_linker_link,source_pg_plaid_linker,link
plaid_linker_link_status,source_pg_plaid_linker,link_status
promotion_at_create,DERIVED_TABLE,DERIVED_TABLE
tabapay_subscription_fees,DERIVED_TABLE,DERIVED_TABLE
invest_monthly_liability,integrated_users,monthly_liability_invest
restricted_accounts,source_apex,restricted_accounts
invest_fraud_monitor_incoming,DERIVED_TABLE,DERIVED_TABLE
invest_fraud_monitor_outgoing,DERIVED_TABLE,DERIVED_TABLE
instant_withdrawals,DERIVED_TABLE,DERIVED_TABLE
tatari_performance_q4,public,tatari_performance
portfolios,source_pg_main,portfolios
liability_model_transitions,DERIVED_TABLE,DERIVED_TABLE
social_performance,DERIVED_TABLE,DERIVED_TABLE
socure_bios,DERIVED_TABLE,DERIVED_TABLE
corporate_actions_look_up_vs_cards_rl_1,DERIVED_TABLE,DERIVED_TABLE
promotion_referral_payouts,integrated_users,promo_cash_payouts
bank_card_activation,source_tungsten,card_activated
nudata_score_created,DERIVED_TABLE,DERIVED_TABLE
user_deposits,integrated_users,user_deposits
wisdom_test_results,wisdom,test_results
cx_master_contacts,DERIVED_TABLE,DERIVED_TABLE
stash_avaya_call_feed,integrated_cx,stash_avaya_call_feed
stash_avaya_fonolo_reports,integrated_cx,stash_avaya_fonolo_reports
referral_service_sender_campaign_variants,source_pg_referral_service,sender_campaign_variants
mandrill_activity,source_mandrill,activity
pii_bank_accounts,DERIVED_TABLE,DERIVED_TABLE
bank_fees,source_chestnut,bank_fee_charged
subscription_fee_events,source_pg_main,subscription_fee_events
quovo_accounts,integrated_quovo,accounts
data_inventory_results,DERIVED_TABLE,DERIVED_TABLE
l1_tables_failing_dq_validation,DERIVED_TABLE,DERIVED_TABLE
l1_tables_failing_count_validation,DERIVED_TABLE,DERIVED_TABLE
data_validation_report,validation,data_validation_results_history
clo_user_stats,DERIVED_TABLE,DERIVED_TABLE
bounty_offer_subscription_discounts,source_pg_bounty,offer_subscription_discounts
google_analytics,DERIVED_TABLE,DERIVED_TABLE
retargeting_campaign,public,ren_data
bank_account_updates,DERIVED_TABLE,DERIVED_TABLE
marketing_accounting_match,integrated_marketing,accounting_match
apex_sketch_investigations,DERIVED_TABLE,DERIVED_TABLE
security_lending_agreements,source_pg_main,security_lending_agreements
monthly_crypto_users,DERIVED_TABLE,DERIVED_TABLE
plaid_balances,source_plaid,balances
plaid_identities,source_plaid,plaid_identities
cip_reject,integrated_users,cip_approval_reject
cip_indeterminate,integrated_users,cip_approval_indeterminate
cip_instant,DERIVED_TABLE,DERIVED_TABLE
login_activities,DERIVED_TABLE,DERIVED_TABLE
bank_enrollments,DERIVED_TABLE,DERIVED_TABLE
fraud_checks,source_pg_main,fraud_checks
kpi_master_cross_sell,public,kpi_master
account_risk_levels,DERIVED_TABLE,DERIVED_TABLE
active_risk_levels,DERIVED_TABLE,DERIVED_TABLE
user_revenue_by_month,DERIVED_TABLE,DERIVED_TABLE
braze_events,DERIVED_TABLE,DERIVED_TABLE
braze_marketing_performance,DERIVED_TABLE,DERIVED_TABLE
braze_last_rescue_message,DERIVED_TABLE,DERIVED_TABLE
braze_stock_party_attribution,DERIVED_TABLE,DERIVED_TABLE
nsf_model_opt_out,source_dynamodb,nsf_whitelist_tides
funding_sources,source_pg_main,funding_sources
derived_funding_sources,DERIVED_TABLE,DERIVED_TABLE
core_ach_transactions,DERIVED_TABLE,DERIVED_TABLE
universal_transfer_stats,integrated_users,universal_transfer_stats
mcgruff_scores,source_pg_main,mcgruff_live_scores
fraud_reasons,DERIVED_TABLE,DERIVED_TABLE
universal_transfers,integrated_users,universal_transfers
derived_universal_transfer,DERIVED_TABLE,DERIVED_TABLE
free_trials,DERIVED_TABLE,DERIVED_TABLE
user_platform_tier_upgrade_downgrade,DERIVED_TABLE,DERIVED_TABLE
new_false_positives,DERIVED_TABLE,DERIVED_TABLE
ato_idt_locks,DERIVED_TABLE,DERIVED_TABLE
omni_transfers,integrated_users,omni_transfers
retention_offer_actions,source_pg_retention,actions
plaid_users,source_pg_main,plaid_users
dndbw_core_users,DERIVED_TABLE,DERIVED_TABLE
paying_subscriber_churn_cohort,DERIVED_TABLE,DERIVED_TABLE
installs,DERIVED_TABLE,DERIVED_TABLE
auto_stash_strategy_states,DERIVED_TABLE,DERIVED_TABLE
smart_monitoring,DERIVED_TABLE,DERIVED_TABLE
checking_transfer_initiated_first_transfer_fraud,DERIVED_TABLE,DERIVED_TABLE
aa_locks_and_unlocks,DERIVED_TABLE,DERIVED_TABLE
generate_series,DERIVED_TABLE,DERIVED_TABLE
new_margin_sod_apex_2,DERIVED_TABLE,DERIVED_TABLE
monolith_bounty_promotion_redemptions,source_pg_main,bounty_promotion_redemptions
accepted_transfers,DERIVED_TABLE,DERIVED_TABLE
first_transfer_stats,DERIVED_TABLE,DERIVED_TABLE
auth_v2_test_entries,DERIVED_TABLE,DERIVED_TABLE
mixpanel_purchase_flow,DERIVED_TABLE,DERIVED_TABLE
android_drawers_test_entries,DERIVED_TABLE,DERIVED_TABLE
time_weighted_returns,DERIVED_TABLE,DERIVED_TABLE
time_weighted_returns_end_of_month_managed_accounts,DERIVED_TABLE,DERIVED_TABLE
tabapay_transactions,DERIVED_TABLE,DERIVED_TABLE
zendesk_tickets_fraud,DERIVED_TABLE,DERIVED_TABLE
monthly_active_external_bank_links,DERIVED_TABLE,DERIVED_TABLE
document_requests,source_pg_main,document_requests
auto_stash_execution_stats,DERIVED_TABLE,DERIVED_TABLE
auto_stash_execution_stats_user_level,DERIVED_TABLE,DERIVED_TABLE
auto_stashes,source_pg_main,auto_stashes
user_platform_tiers,DERIVED_TABLE,DERIVED_TABLE
stock_loan_utilization,DERIVED_TABLE,DERIVED_TABLE
order_logs,source_pg_maestro,order_logs
subscription_charge_attempts,source_subscriptions,charge_attempts
security_classifications,source_pg_tickerbell,security_classifications
monolith_subscription_charge_attempts,source_pg_main,subscription_charge_attempts
order_failures,source_pg_maestro,order_failures
subscription_payment_sources,source_subscriptions,payment_sources
itm_bank_mrdc,gateway,itm_bank_mrdc
realized_investment_lots,source_pg_maestro,realized_investment_lots
greendot_mapping,integrated_banking_fraud,greendot_mapping
security_prices,source_pg_maestro,security_prices
feature_importances,integrated_ds,feature_importances
bestow_commissions,source_bestow,commissions
integrated_subscription_fees,integrated_subscriptions,subscription_fees
auth_trans_report,integrated_stride,auth_trans_report
crypto_accounts,source_pg_maestro,accounts
mart_login_events,mart,login_events
crypto_transfers,source_pg_maestro,transfers
securities,source_pg_maestro,securities
investment_groups,source_pg_tickerbell,investment_groups
security_identifiers,source_pg_tickerbell,security_identifiers
unrealized_investment_lots,source_pg_maestro,unrealized_investment_lots
bank_account_items,gateway,itm_bank_accounts
pg_count_validator,validation,pg_count_validator
model_registry,DERIVED_TABLE,DERIVED_TABLE
orders,source_pg_maestro,orders
transfer_logs,source_pg_maestro,transfer_logs
user_mcc_stats,integrated_users,user_mcc_stats
order_statuses,source_pg_main,order_statuses
order_cancellations,source_pg_maestro,order_cancellations
bank_transaction_items,gateway,itm_bank_transactions
crypto_enrollment_events,source_pg_main,crypto_enrollment_events
crypto_prices,stream_pg_invest_rails,crypto_prices
order_fulfillments,source_pg_maestro,order_fulfillments
integrated_subscriptions,integrated_subscriptions,subscriptions
crypto_agreement_events,source_pg_main,crypto_agreement_events
bucket_metrics,source_cloudwatch,bucket_metrics
data_validation_results,validation,data_validation_results
invest_rails_crypto_unrealized_investments,stream_pg_invest_rails,crypto_unrealized_investments
tabapay_transaction_errors,DERIVED_TABLE,DERIVED_TABLE
posted_trans_report,integrated_stride,posted_trans_report
subscription_refunds,source_subscriptions,refunds
braze_custom_event_base,DERIVED_TABLE,DERIVED_TABLE
messaging,mart,messaging
mart_bank_spend_events,mart,bank_spend_events
bank_card_tracking_events,gateway,evt_bank_cards
mart_subscriptions,DERIVED_TABLE,DERIVED_TABLE
ml_predictions_mart,mart,ml_predictions
bank_NSF_logic_decision,mart,nsf_logic_decision
mart_transfers,mart,transfers
funnel_depth,mart,first_funnel_depth
surveys,mart,surveys
mart_external_payment_links,mart,external_payment_links
mart_invest,mart,invest
bank_card_tracking_items,gateway,itm_bank_cards
promotion,mart,promotion
mart_accounts,mart,accounts
customer_journey,mart,customer_journey
mart_onboarding_funding_experience_stats,mart,onboarding_funding_experience_stats
mart_subscription_fees,mart,subscription_fees
money_movement_automation,mart,money_movement_automation
identities,mart,identities
mart_users,DERIVED_TABLE,DERIVED_TABLE
clickstream_events,DERIVED_TABLE,DERIVED_TABLE
transfer_events,mart,transfer_events
dates,mart,mart_of_days
tier_selection_events,DERIVED_TABLE,DERIVED_TABLE
nucleus_demo,DERIVED_TABLE,DERIVED_TABLE
money_movement_automation_events,mart,money_movement_automation_events
marketing,mart,marketing
bank_link_errors,mart,bank_link_errors
messaging_events,mart,messaging_events
mart_invest_transactions,mart,invest_transactions
first_invest_transaction_in_ticker,DERIVED_TABLE,DERIVED_TABLE
access,mart,access
investment_search,source_pg_sauron_search,investment_searchterms
late_green_dot_ach_transactions,DERIVED_TABLE,DERIVED_TABLE
bank_user_stats,mart,bank_user_stats
accounts_indeterminate_reasons,DERIVED_TABLE,DERIVED_TABLE
google_play_crashes,source_google_play,crashes
completed_cfsi_check_ins,DERIVED_TABLE,DERIVED_TABLE
data_engineer_incidents,DERIVED_TABLE,DERIVED_TABLE
attribution_and_ltv_v2,integrated_attribution,attribution_and_ltv_v2
attribution_and_ltv,integrated_attribution,attribution_and_ltv
payback_spend,integrated_attribution,payback_spend
monthly_depositing_users,DERIVED_TABLE,DERIVED_TABLE
ach_transfers,DERIVED_TABLE,DERIVED_TABLE
apex_accounts_with_restriction_codes,DERIVED_TABLE,DERIVED_TABLE
retention_segments_fraud,DERIVED_TABLE,DERIVED_TABLE
red_keep_identity_three_eyed_raven,source_rt_topic,red_keep_identity_three_eyed_raven
three_eyed_raven_user_create,DERIVED_TABLE,DERIVED_TABLE
castle_black_auth_three_eyed_raven,source_rt_topic,castle_black_auth_three_eyed_raven
monolith_identity_three_eyed_raven,source_rt_topic,monolith_identity_three_eyed_raven
verification_service_auth_three_eyed_raven,source_rt_topic,verification_service_auth_three_eyed_raven
three_eyed_raven_login,DERIVED_TABLE,DERIVED_TABLE
smart_saves,source_pg_main,smart_saves
security_lending_interest_payments,source_pg_main,security_lending_interest_payments
gateway_usr_personal_info,gateway,usr_personal_info
bank_declines,DERIVED_TABLE,DERIVED_TABLE
nudata_users,DERIVED_TABLE,DERIVED_TABLE
checking_transactions,DERIVED_TABLE,DERIVED_TABLE
tabapay_subscription_fees_all,DERIVED_TABLE,DERIVED_TABLE
pvgrpt_alerts,DERIVED_TABLE,DERIVED_TABLE
wisdom_test_membership,DERIVED_TABLE,DERIVED_TABLE
bounty_investments,source_pg_bounty,investments
mixpanel_native_app_sessions,DERIVED_TABLE,DERIVED_TABLE
user_platform_tier_subscriptions,DERIVED_TABLE,DERIVED_TABLE
monthly_bank_depositing_users,DERIVED_TABLE,DERIVED_TABLE
referral_service_referral_links,source_pg_referral_service,referral_links
dividends,DERIVED_TABLE,DERIVED_TABLE
user_bank_disputes,gateway,itm_bank_disputes
user_comments,DERIVED_TABLE,DERIVED_TABLE
appsflyer,source_appsflyer,installs
appsflyer_installs,DERIVED_TABLE,DERIVED_TABLE
appsflyer_skadnetwork_data,source_appsflyer,skadnetwork
referral_braze_attribution,integrated_users,referrals_braze_attribution
cx_customer_detailed,DERIVED_TABLE,DERIVED_TABLE
cx_tickets_detail,DERIVED_TABLE,DERIVED_TABLE
cx_tickets_linked_events,DERIVED_TABLE,DERIVED_TABLE
cx_audio_transcripts,DERIVED_TABLE,DERIVED_TABLE
multitouch_attribution,public,multitouch_attribution
multitouch_attribution_campaign_level,DERIVED_TABLE,DERIVED_TABLE
referral_service_sender_reward_redemptions,source_pg_referral_service,sender_reward_redemptions
mixpanel_data,DERIVED_TABLE,DERIVED_TABLE
mixpanel_same_day_conversion_rate,DERIVED_TABLE,DERIVED_TABLE
mixpanel_referral_sent,DERIVED_TABLE,DERIVED_TABLE
mixpanel_viewed_balance,DERIVED_TABLE,DERIVED_TABLE
mixpanel_viewed_portfolio,DERIVED_TABLE,DERIVED_TABLE
mixpanel_viewed_post_purchase_set_schedule,DERIVED_TABLE,DERIVED_TABLE
mixpanel_viewed_portfolio_by_date,DERIVED_TABLE,DERIVED_TABLE
mixpanel_viewed_investment_card,DERIVED_TABLE,DERIVED_TABLE
mixpanel_money_movement,DERIVED_TABLE,DERIVED_TABLE
mixpanel_viewed_day_zero,DERIVED_TABLE,DERIVED_TABLE
mixpanel_sessions,DERIVED_TABLE,DERIVED_TABLE
mixpanel_home,DERIVED_TABLE,DERIVED_TABLE
mixpanel_first_bank_link,DERIVED_TABLE,DERIVED_TABLE
mixpanel_autoinvest_confirm,DERIVED_TABLE,DERIVED_TABLE
users_fraud,DERIVED_TABLE,DERIVED_TABLE
usr_external_money_links,gateway,usr_external_money_links
itm_external_money_links,gateway,itm_external_money_links
evt_external_money_links,gateway,evt_external_money_links
plastic_transactions,gateway,itm_plastic_transactions
evt_attribution_touches,gateway,evt_attribution_touches
usr_attribution_touches,DERIVED_TABLE,DERIVED_TABLE
acats_transfer_fees,DERIVED_TABLE,DERIVED_TABLE
bank_card_tracking,source_chestnut,card_tracking
subscriber_campaign_attribution,integrated_users,subscriber_campaign_attribution
referral_service_recipient_reward_redemptions,source_pg_referral_service,recipient_reward_redemptions
bounty_promotion_triggers,source_pg_bounty,promotion_triggers
referral_service_new,integrated_users,referrals
customer_journey_cx_tickets,DERIVED_TABLE,DERIVED_TABLE
stockback_bonuses,source_pg_stockton_service,stock_back_promotions
acknowledged_transfers,DERIVED_TABLE,DERIVED_TABLE
bank_monthly_liability,integrated_users,monthly_liability_bank
fees,source_pg_main,fees
promotion_redemptions,DERIVED_TABLE,DERIVED_TABLE
first_user_state_transition,DERIVED_TABLE,DERIVED_TABLE
sprig_responses,source_sprig,responses
sprig_selected_responses,DERIVED_TABLE,DERIVED_TABLE
default_stockback,source_pg_stockton_service,default_stocks
