Query Model,Query Explore,History Most Recent Query Date,Query Count
stashinvest,data_inventory_results,2023-02-03,12
stashinvest,price_data,2023-02-03,8
stashinvest,targets,2023-02-03,27
stashinvest,google_play_ratings,2023-02-03,6
stashinvest,stride_transition_bank_revenue,2023-02-03,24
stashinvest_fraud,pii_users,2023-02-03,396
stashinvest,account_state_transitions,2023-02-03,24
stashinvest_realtime,pending_auto_close_processes,2023-02-03,2
stashinvest,bank_transactions,2023-02-03,37
stashinvest,google_analytics,2023-02-03,7
stashinvest,payback_user_expected_contribution,2023-02-03,6
stashinvest,stock_party_parties,2023-02-03,3
stashinvest_fraud,ato_1,2023-02-03,2
stashinvest,bank_returned_transfers_over_time,2023-02-03,2
stashinvest,payback_expected_contribution_new_subs_leading,2023-02-03,23
stashinvest,start_of_days_over_time,2023-02-03,14
stashinvest_fraud,ach_pulls_fraud_monitor,2023-02-03,1
stashinvest,bank_initiated_transfers,2023-02-03,15
stashinvest,customer_journey_cx_tickets,2023-02-03,9
pii_ops_stashinvest,fraud_bank_initiated_transfers_report,2023-02-03,4
stashinvest,bank_bill_pay,2023-02-03,6
stashinvest,pager_duty_incidents,2023-02-03,46
stashinvest,zendesk_tickets,2023-02-03,"1,420"
datascience,invest_tracker,2023-02-03,2
stashinvest_realtime,branch_codes,2023-02-03,1
stashinvest,avaya_stash_audio_reconciliation,2023-02-03,1
system__activity,user,2023-02-03,3
stashinvest,smaug_logs,2023-02-03,2
datascience,bank_tracker,2023-02-03,2
stashinvest_fraud,finv_bank_daily,2023-02-03,104
pii_ops_realtime,start_of_days,2023-02-03,103
stashinvest,auto_stash_execution_request,2023-02-03,3
system__activity,pdt_event_log,2023-02-03,3
stashinvest,data_validation_report,2023-02-03,36
pii_ops_realtime,pii_users,2023-02-03,244
system__activity,history,2023-02-03,47
stashinvest,mixpanel_data,2023-02-03,12
stashinvest,revenue_actuals,2023-02-03,45
stashinvest,user_deposits,2023-02-03,7
stashinvest_realtime,account_state_transitions,2023-02-03,2
stashinvest,appsflyer,2023-02-03,13
system__activity,content_usage,2023-02-03,5
stashinvest,cat_meor_activity,2023-02-03,6
stashinvest,margin_sod_apex,2023-02-03,12
stashinvest,users,2023-02-03,"6,345"
pii_ops_realtime,auto_active_admin_comments,2023-02-03,4
stashinvest,cards,2023-02-03,29
stashinvest,late_green_dot_ach_transactions,2023-02-03,3
stashinvest,transfers,2023-02-03,183
stashinvest,apex_end_of_day_activity_all,2023-02-03,59
stashinvest,identity_transitions,2023-02-03,46
stashinvest_fraud,socure_bios_reason_codes,2023-02-03,80
stashinvest,braze_flow,2023-02-03,26
datascience,spend_model,2023-02-03,1
stashinvest_fraud,nudata_users,2023-02-03,112
stashinvest,accounts,2023-02-03,209
stashinvest_realtime,on_loan_securities,2023-02-03,14
stashinvest,bank_start_of_days_over_time,2023-02-03,8
stashinvest,payback_realtime,2023-02-03,8
datascience,retire_tracker,2023-02-03,3
stashinvest,bank_monthly_users,2023-02-03,24
stashinvest_fraud,accepted_transfers,2023-02-03,51
stashinvest_fraud,lock_events_and_fraud_reasons_v2,2023-02-03,13
stashinvest,bank_enrollments,2023-02-03,41
stashinvest,cusip_compare,2023-02-03,6
stashinvest_finance,profit_and_loss,2023-02-03,49
stashinvest_fraud,invest_fraud_monitor_outgoing,2023-02-03,1
stashinvest_fraud,finv_invest_daily,2023-02-03,40
pii_ops_realtime,transfers,2023-02-03,359
stashinvest,avaya_calls,2023-02-03,10
stashinvest_realtime,apex_submission_failed_users,2023-02-03,1
system__activity,pdt_builds,2023-02-03,1
stashinvest,core,2023-02-03,"2,069"
stashinvest,money_movements,2023-02-03,11
stashinvest,user_revenue_by_month,2023-02-03,2
pii_ops_realtime,investments,2023-02-03,386
stashinvest_realtime,apex_branches_total_left_by_branch,2023-02-03,2
stashinvest,attribution_touches,2023-02-03,515
system__activity,event_attribute,2023-02-03,1
stashinvest,comments,2023-02-03,5
stashinvest,mart_of_days,2023-02-03,375
stashinvest,retail_banking_instant_deposits,2023-02-03,1
stashinvest,user_campaign_attribution,2023-02-03,31
stashinvest_realtime,accounts_stuck_while_trying_to_reactivate,2023-02-03,1
system__activity,compliance_user_permissions,2023-02-03,5
stashinvest,cat_meno_activity,2023-02-03,4
stashinvest,true_app_installs,2023-02-03,2
stashinvest,apex_margin_calls,2023-02-03,24
stashinvest_realtime,transactions,2023-02-03,32
stashinvest,l1_tables_failing_dq_validation,2023-02-03,3
stashinvest,transactions,2023-02-03,41
pii_ops_realtime,account_completion_approval_flow,2023-02-03,1
stashinvest,braze_marketing_performance,2023-02-03,8
stashinvest,apex_cash_daily_balances,2023-02-03,51
stashinvest,position_errors,2023-02-03,19
stashinvest,subscriber_roll_forward,2023-02-03,10
stashinvest_fraud,pvgrpt_alerts,2023-02-03,4
stashinvest,stock_rewards,2023-02-03,21
stashinvest_fraud,ato_2,2023-02-03,2
stashinvest,acats_transfer_fees,2023-02-03,1
stashinvest,payback_expected_contribution_platform,2023-02-03,3
stashinvest,stash_avaya_fonolo_reports,2023-02-03,4
stashinvest_fraud,active_admin_comments,2023-02-03,204
datascience,retargeting_campaign,2023-02-03,1
stashinvest_fraud,login_activities,2023-02-03,67
pii_ops_stashinvest,users_with_email_delivery_failures,2023-02-03,4
stashinvest,bank_monthly_spend_users,2023-02-03,75
stashinvest,customer_journey_user_segments,2023-02-03,14
stashinvest,paid_performance,2023-02-03,78
stashinvest,start_of_days_all,2023-02-03,35
stashinvest_fraud,aa_locks_and_unlocks,2023-02-03,69
datascience,marketing_overlap,2023-02-03,1
stashinvest_fraud,lock_events,2023-02-03,16
pii_ops_stashinvest,pii_users,2023-02-03,867
stashinvest,crypto_agreement_events,2023-02-03,282
stashinvest,social_performance,2023-02-03,40
stashinvest_fraud,invest_fraud_monitor_incoming,2023-02-03,1
stashinvest_realtime,cards,2023-02-03,19
stashinvest,avaya_stash_metadata_reconciliation,2023-02-03,2
stashinvest,corporate_actions_look_up_vs_cards_rl_1,2023-02-03,1
pii_ops_realtime,transactions,2023-02-03,478
stashinvest_realtime,auto_stash_executions,2023-02-03,4
system__activity,scheduled_plan,2023-02-03,8
stashinvest,monthly_bank_depositing_users,2023-02-03,11
,,2023-02-03,0
stashinvest_realtime,apex_submission_failed_accounts,2023-02-03,7
system__activity,look,2023-02-03,2
stashinvest,data_mart,2023-02-03,"9,015"
stashinvest,mixpanel_same_day_conversion_rate,2023-02-03,6
stashinvest,user_platform_tier_upgrade_downgrade,2023-02-03,8
stashinvest_fraud,current_month_liability,2023-02-03,1
stashinvest,appsflyer_skadnetwork,2023-02-03,12
system__activity,dashboard,2023-02-03,5
stashinvest,marketing_campaign,2023-02-03,424
stashinvest,referral_service,2023-02-03,33
stashinvest_realtime,accounts,2023-02-03,6
stashinvest,apex_securities_lending_accrual_raw_file,2023-02-03,68
stashinvest_realtime,users,2023-02-03,48
stashinvest,mandatory_reorg_notification_apex_eod_file,2023-02-03,1
stashinvest,apex_escheatment_entries,2023-02-03,1
stashinvest_realtime,trading_windows,2023-02-03,1
stashinvest,l1_tables_failing_count_validation,2023-02-03,5
stashinvest,promotion_referral_payouts,2023-02-03,95
stashinvest,trades,2023-02-03,16
stashinvest_fraud,two_fa_events,2023-02-03,20
stashinvest,instant_withdrawals,2023-02-02,10
stashinvest_fraud,checking_transactions,2023-02-02,2
stashinvest,apex_b_notice,2023-02-02,11
stashinvest_fraud,new_false_positives,2023-02-02,11
stashinvest,acats_external_brokers_only,2023-02-02,10
stashinvest_fraud,lock_events_fraud_reasons,2023-02-02,10
stashinvest_fraud,invest_monthly_liability,2023-02-02,10
stashinvest_fraud,finv_invest_daily_users,2023-02-02,11
stashinvest,auth_trans_report,2023-02-02,5
stashinvest_fraud,current_month_daily_bank_liability_users,2023-02-02,1
stashinvest_realtime,transfers,2023-02-02,2
stashinvest_fraud,core_bank_enrollments_by_state_fraud,2023-02-02,2
stashinvest,kyc,2023-02-02,10
stashinvest_fraud,bank_transactions_gd_core,2023-02-02,3
stashinvest,apex_account_master_apex_full,2023-02-02,28
stashinvest_fraud,bank_accounts_fraud,2023-02-02,35
pii_ops_realtime,restricted_names_report,2023-02-02,4
stashinvest,referral_attribution,2023-02-02,14
stashinvest_fraud,users_bank_last_balances,2023-02-02,6
stashinvest,b_notice_activity,2023-02-02,12
stashinvest,investments,2023-02-02,70
stashinvest_realtime,stock_rewards,2023-02-02,5
stashinvest_fraud,bank_monthly_liability,2023-02-02,7
stashinvest,apex_accounts_with_restriction_codes,2023-02-02,32
stashinvest,braze_events,2023-02-02,34
stashinvest,fees,2023-02-02,32
pii_ops_stashinvest,comments,2023-02-02,33
stashinvest_fraud,finv_bank_daily_users,2023-02-02,21
stashinvest,avaya_audio_call_detail,2023-02-02,188
stashinvest,core_ach_transactions,2023-02-02,3
stashinvest_fraud,core_deposits_and_returns_fraud,2023-02-02,4
pii_ops_realtime,accounts,2023-02-02,64
stashinvest_realtime,start_of_days,2023-02-01,3
stashinvest,start_of_days,2023-02-01,5
pii_ops_stashinvest,accounts,2023-02-01,42
stashinvest,consolidated_monthly_tie_out,2023-02-01,72
stashinvest_realtime,trades,2023-02-01,3
stashinvest,gateway_fraud,2023-02-01,164
stashinvest_fraud,mix_panel_events_fraud,2023-02-01,16
stashinvest,start_of_days_end_of_month,2023-02-01,1
stashinvest,corporate_action_activity_all_time,2023-02-01,1
stashinvest_realtime,banking_fees,2023-02-01,32
stashinvest,auto_stash_executions,2023-02-01,5
stashinvest,apex_trade_details_ext903,2023-02-01,29
stashinvest,zendesk_users,2023-02-01,1
stashinvest,sec_lending_accounts_not_enrolled,2023-02-01,2
pii_ops_stashinvest,transactions,2023-01-31,6
stashinvest,core_debit_card_swipe,2023-01-31,11
stashinvest,new_margin_sod_apex_2,2023-01-31,5
stashinvest_fraud,dndbw_core_users,2023-01-31,5
stashinvest,referral_braze_attribution,2023-01-31,2
stashinvest_fraud,users_fraud,2023-01-31,5
stashinvest,wisdom_test_results,2023-01-31,30
stashinvest_fraud,socure_feedback,2023-01-31,6
stashinvest,referrals,2023-01-31,10
stashinvest,cx_tickets_detail,2023-01-30,322
stashinvest,cx_customer_detailed,2023-01-30,140
stashinvest,monthly_active_external_bank_links,2023-01-30,14
stashinvest_realtime,apex_branches_total_live_branches,2023-01-30,1
stashinvest,apex_owners_file_ext1026,2023-01-30,16
stashinvest,google_play_crashes,2023-01-30,2
stashinvest_fraud,dndbw,2023-01-30,4
stashinvest,cx_tickets_linked_events,2023-01-30,73
stashinvest,google_play_retained_installers,2023-01-30,1
stashinvest,google_play_acquisition,2023-01-30,3
stashinvest,bank_direct_deposit_stats,2023-01-30,5
datascience,braze_tracker,2023-01-30,5
pii_ops_realtime,branch_codes,2023-01-30,3
stashinvest_realtime,apex_branches_current_live_counts,2023-01-30,1
stashinvest,transfer_ledger,2023-01-30,9
stashinvest_realtime,securities_lending_accounts,2023-01-29,7
datascience,marketing_campaign,2023-01-27,21
system__activity,support_access_event,2023-01-27,2
stashinvest,securities_lending_accounts,2023-01-26,6
stashinvest,promotion_redemptions,2023-01-25,19
pii_ops_stashinvest,referrals,2023-01-25,2
pii_ops_realtime,bank_accounts,2023-01-24,2
stashinvest,bucket_aggregation,2023-01-24,1
stashinvest_fraud,checking_transfer_initiated_first_transfer_fraud,2023-01-24,12
stashinvest,card_query_attempts,2023-01-24,7
stashinvest,bucket_metrics,2023-01-24,2
t__stash_data_lake_prod__source_segment__kotlin_android_mapped_screen,table,2023-01-23,2
stashinvest,state_population,2023-01-23,3
t__stash_data_lake_prod__source_segment__kotlin_android_name_map,table,2023-01-23,1
stashinvest_fraud,evt_transfers_fraud,2023-01-20,11
t__stash_data_lake_prod__gateway__duplicate_social_security_number_events,table,2023-01-20,1
stashinvest_fraud,bank_liability_core_gd,2023-01-19,11
pii_ops_stashinvest,user_comments,2023-01-18,15
stashinvest,promotions,2023-01-18,62
stashinvest,stock_rewards_by_user_by_month,2023-01-17,2
stashinvest,plaid_categories,2023-01-17,18
gateway_fraud,plastic_transactions,2023-01-13,4
datascience,zendesk_tickets,2023-01-12,1
stashinvest,socure,2023-01-12,15
stashinvest,new_margin_sod_apex,2023-01-12,5
datascience,accounts_breakdown,2023-01-12,3
stashinvest,mandrill_activity,2023-01-12,2
datascience,kpi_master,2023-01-12,7
stashinvest_fraud,document_requests,2023-01-12,5
stashinvest,user_revenue_end_of_month,2023-01-11,22
stashinvest_fraud,alloy_rules_responses,2023-01-11,2
stashinvest_finance,revenue_actuals,2023-01-10,2
stashinvest,cx_audio_transcripts,2023-01-10,29
stashinvest,core_bank_enrollments_by_state,2023-01-08,16
stashinvest,smart_saves,2023-01-08,1
stashinvest,bank_accounts,2023-01-07,22
i__looker,history,2023-01-06,6
i__looker,scheduled_plan,2023-01-06,2
i__looker,field_usage,2023-01-06,1
stashinvest,data_platform_incidents,2023-01-06,1
i__looker,look,2023-01-06,1
stashinvest_realtime,delivery_failures,2023-01-03,2
t__stash_data_lake_prod__source_pg_disputes__service_user,table,2023-01-03,1
stashinvest,validation_view,2023-01-03,5
stashinvest,future_dividends,2022-12-22,5
stashinvest,count_differences,2022-12-21,2
stashinvest,dividend_dates,2022-12-21,2
stashinvest_realtime,auto_stashes,2022-12-21,1
stashinvest,delorean_results,2022-12-21,1
pii_ops_realtime,auto_stashes_by_date_stats,2022-12-21,1
pii_ops_realtime,auto_stashes,2022-12-21,4
stashinvest,security_lending_interest_payments,2022-12-20,4
stashinvest_realtime,cash_interest_payments,2022-12-20,7
stashinvest_realtime,money_movements,2022-12-20,1
stashinvest,ratings,2022-12-19,3
stashinvest,cx_tickets,2022-12-19,15
pii_ops_stashinvest,fees,2022-12-19,49
stashinvest,reviews,2022-12-19,3
stashinvest,plaid_users,2022-12-16,1
stashinvest,fraud_bank_change,2022-12-16,25
stashinvest,cx_master_contacts,2022-12-15,3
stashinvest,subscriptions,2022-12-14,2
stashinvest,escheatment_forwardlooking_5years,2022-12-13,1
stashinvest,funnel_depth,2022-12-10,34
stashinvest_fraud,core_users_updated_accounts_fraud,2022-12-09,21
stashinvest_realtime,positions_real_time_by_ticker,2022-12-09,2
datascience,reviews_data,2022-12-08,39
stashinvest,plastic_transactions,2022-12-07,5
stashinvest,debit_card_transfers,2022-12-07,2
pii_ops_realtime,purchase_with_deposits,2022-12-07,2
stashinvest_realtime,investments,2022-12-02,3
stashinvest_fraud,transactions,2022-12-02,1
stashinvest,braze_lead_generation,2022-12-01,1
stashinvest,ext_spending,2022-11-30,3
stashinvest,tatari_streaming_performance,2022-11-30,5
datascience,multitouch_attribution,2022-11-30,7
datascience,leading_data,2022-11-30,1
datascience,incremental_model_results,2022-11-30,22
stashinvest,tatari_linear_performance,2022-11-30,5
stashinvest_fraud,nudata,2022-11-29,8
stashinvest,escheatment_forwardlooking_3years,2022-11-29,1
stashinvest,users_by_date_stats,2022-11-28,6
stashinvest,payback,2022-11-23,1
stashinvest,contribution_assumptions,2022-11-18,1
stashinvest_fraud,socure_bios_v2_v3_scores,2022-11-17,1
stashinvest,core_account_creation,2022-11-17,8
stashinvest,omni_transfers,2022-11-17,1
stashinvest,autostash_events,2022-11-16,1
stashinvest_realtime,fraud_bank_change_quovo_converts,2022-11-15,1
stashinvest_realtime,fraud_bank_change_what_if,2022-11-15,3
stashinvest_realtime,fraud_bank_change_lift,2022-11-15,1
stashinvest_realtime,fraud_bank_change_small_account_rule_analysis,2022-11-15,9
stashinvest_realtime,fraud_bank_change_large_account_rule_analysis,2022-11-15,1
stashinvest,bank_start_of_days,2022-11-11,5
stashinvest,nucleus_demo,2022-11-11,23
datascience,payback_campaign,2022-11-10,2
stashinvest,posted_trans_report,2022-11-10,1
stashinvest,data_engineer_incidents,2022-11-09,18
datascience,review_topic_model,2022-11-08,1
stashinvest,qualtrics_survey_flattened_response,2022-11-07,9
stashinvest,cj_this_framework,2022-11-07,1
