,model_name,explore_name,last_query_date,query_count_90_days
1,datascience,review_topic_model,2022-11-08,1
5,datascience,incremental_model_results,2022-11-30,22
2,datascience,leading_data,2022-11-30,1
8,datascience,multitouch_attribution,2022-11-30,7
1311,de_data_validation,data_validation_results,,
1440,pii_ops_stashinvest,auto_stash_executions,,
1072,stashinvest,data_engineer_incidents,2022-11-09,18
1088,stashinvest,posted_trans_report,2022-11-10,1
22,stashinvest,nucleus_demo,2022-11-11,23
448,stashinvest,autostash_events,2022-11-16,1
1081,stashinvest,core_account_creation,2022-11-17,8
624,stashinvest,omni_transfers,2022-11-17,1
590,stashinvest,contribution_assumptions,2022-11-18,1
149,stashinvest,payback,2022-11-23,1
915,stashinvest,users_by_date_stats,2022-11-28,6
1077,stashinvest,escheatment_forwardlooking_3years,2022-11-29,1
901,stashinvest,accounts_indeterminate_reasons,,
525,stashinvest,cancel_rates,,
530,stashinvest,cancel_rates_micros,,
865,stashinvest,email_verifications,,
914,stashinvest,model_monitoring,,
945,stashinvest,model_registry,,
151,stashinvest,payback_v2,,
631,stashinvest,plaid_transactions,,
1245,stashinvest_fraud,socure_bios_v2_v3_scores,2022-11-17,1
1227,stashinvest_fraud,nudata,2022-11-29,8
1287,stashinvest_peopleops,gh_candidate_quality_by_source_all,,
1288,stashinvest_peopleops,gh_candidate_quality_by_source_current_year,,
1293,stashinvest_peopleops,gh_hires,,
1291,stashinvest_peopleops,gh_hiring_speed,,
1292,stashinvest_peopleops,gh_interviewer_engagement,,
1294,stashinvest_peopleops,gh_job_referrals,,
1290,stashinvest_peopleops,gh_top_ten_sources_all,,
1289,stashinvest_peopleops,gh_top_ten_sources_current_year,,
1295,stashinvest_peopleops,greenhouse_jobs,,
